date,firstDose.daily.sinovac,firstDose.daily.biontech,firstDose.daily.total,firstDose.cumulative.sinovac,firstDose.cumulative.biontech,firstDose.cumulative.total,secondDose.daily.sinovac,secondDose.daily.biontech,secondDose.daily.total,secondDose.cumulative.sinovac,secondDose.cumulative.biontech,secondDose.cumulative.total,thirdDose.daily.sinovac,thirdDose.daily.biontech,thirdDose.daily.total,thirdDose.cumulative.sinovac,thirdDose.cumulative.biontech,thirdDose.cumulative.total,firstDose.movingAvg.sinovac,firstDose.movingAvg.total,firstDose.movingAvg.biontech,secondDose.movingAvg.sinovac,secondDose.movingAvg.total,secondDose.movingAvg.biontech,thirdDose.movingAvg.sinovac,thirdDose.movingAvg.total,thirdDose.movingAvg.biontech,totalDose.daily.sinovac,totalDose.daily.biontech,totalDose.daily.total,totalDose.cumulative.sinovac,totalDose.cumulative.biontech,totalDose.cumulative.total,totalDose.movingAvg.sinovac,totalDose.movingAvg.biontech,totalDose.movingAvg.total
22/2/2021,47,0,47,47,0,47,0,0,0,0,0,0,0,0,0,0,0,0,,,,,,,,,,47,0,47,47,0,47,,,
23/2/2021,532,0,532,579,0,579,0,0,0,0,0,0,0,0,0,0,0,0,,,,,,,,,,532,0,532,579,0,579,,,
24/2/2021,0,0,0,579,0,579,0,0,0,0,0,0,0,0,0,0,0,0,,,,,,,,,,0,0,0,579,0,579,,,
25/2/2021,0,0,0,579,0,579,0,0,0,0,0,0,0,0,0,0,0,0,,,,,,,,,,0,0,0,579,0,579,,,
26/2/2021,6044,0,6044,6623,0,6623,0,0,0,0,0,0,0,0,0,0,0,0,,,,,,,,,,6044,0,6044,6623,0,6623,,,
27/2/2021,7039,0,7039,13662,0,13662,1,0,1,1,0,1,0,0,0,0,0,0,,,,,,,,,,7040,0,7040,13663,0,13663,,,
28/2/2021,7015,0,7015,20677,0,20677,0,0,0,1,0,1,0,0,0,0,0,0,,,,,,,,,,7015,0,7015,20678,0,20678,,,
1/3/2021,6408,0,6408,27085,0,27085,0,0,0,1,0,1,0,0,0,0,0,0,,,,,,,,,,6408,0,6408,27086,0,27086,,,
2/3/2021,13071,0,13071,40156,0,40156,0,0,0,1,0,1,0,0,0,0,0,0,,,,,,,,,,13071,0,13071,40157,0,40157,,,
3/3/2021,11666,0,11666,51822,0,51822,2,0,2,3,0,3,0,0,0,0,0,0,,,,,,,,,,11668,0,11668,51825,0,51825,,,
4/3/2021,10389,0,10389,62211,0,62211,0,0,0,3,0,3,0,0,0,0,0,0,8805,8805,,,,,,,,10389,0,10389,62214,0,62214,8805,,8805
5/3/2021,10138,0,10138,72349,0,72349,0,0,0,3,0,3,0,0,0,0,0,0,9389,9389,,,,,,,,10138,0,10138,72352,0,72352,9390,,9390
6/3/2021,11319,336,11655,83668,336,84004,1,0,1,4,0,4,0,0,0,0,0,0,10001,10049,,,,,,,,11320,336,11656,83672,336,84008,10001,,10049
7/3/2021,8120,871,8991,91788,1207,92995,1,0,1,5,0,5,0,0,0,0,0,0,10159,10331,,,,,,,,8121,871,8992,91793,1207,93000,10159,,10332
8/3/2021,9902,923,10825,101690,2130,103820,0,0,0,5,0,5,0,0,0,0,0,0,10658,10962,,,,,,,,9902,923,10825,101695,2130,103825,10658,,10963
9/3/2021,8797,878,9675,110487,3008,113495,1,0,1,6,0,6,0,0,0,0,0,0,10047,10477,,,,,,,,8798,878,9676,110493,3008,113501,10048,,10478
10/3/2021,11001,6020,17021,121488,9028,130516,1,0,1,7,0,7,0,0,0,0,0,0,9952,11242,,,,,,,,11002,6020,17022,121495,9028,130523,9953,,11243
11/3/2021,9597,5763,15360,131085,14791,145876,0,0,0,7,0,7,0,0,0,0,0,0,9839,11952,,,,,,,,9597,5763,15360,131092,14791,145883,9840,,11953
12/3/2021,9594,6728,16322,140679,21519,162198,0,0,0,7,0,7,0,0,0,0,0,0,9761,12836,,,,,,,,9594,6728,16322,140686,21519,162205,9762,,12836
13/3/2021,8554,6326,14880,149233,27845,177078,1,0,1,8,0,8,0,0,0,0,0,0,9366,13296,,,,,,,,8555,6326,14881,149241,27845,177086,9367,,13297
14/3/2021,7940,5680,13620,157173,33525,190698,0,0,0,8,0,8,0,0,0,0,0,0,9341,13958,,,,,,,,7940,5680,13620,157181,33525,190706,9341,,13958
15/3/2021,8966,6397,15363,166139,39922,206061,0,0,0,8,0,8,0,0,0,0,0,0,9207,14606,,,,,,,,8966,6397,15363,166147,39922,206069,9207,,14606
16/3/2021,10228,13099,23327,176367,53021,229388,0,0,0,8,0,8,0,0,0,0,0,0,9411,16556,7145,,,,,,,10228,13099,23327,176375,53021,229396,9412,7145,16556
17/3/2021,13248,11352,24600,189615,64373,253988,1,0,1,9,0,9,0,0,0,0,0,0,9732,17639,7906,,,,,,,13249,11352,24601,189624,64373,253997,9733,7906,17639
18/3/2021,11848,10778,22626,201463,75151,276614,1,0,1,10,0,10,0,0,0,0,0,0,10054,18677,8623,,,,,,,11849,10778,22627,201473,75151,276624,10054,8623,18677
19/3/2021,11795,15809,27604,213258,90960,304218,0,0,0,10,0,10,0,0,0,0,0,0,10368,20289,9920,,,,,,,11795,15809,27604,213268,90960,304228,10369,9920,20289
20/3/2021,11325,15043,26368,224583,106003,330586,0,0,0,10,0,10,0,0,0,0,0,0,10764,21930,11165,,,,,,,11325,15043,26368,224593,106003,330596,10765,11165,21930
21/3/2021,9084,14736,23820,233667,120739,354406,0,0,0,10,0,10,0,0,0,0,0,0,10928,23387,12459,,,,,,,9084,14736,23820,233677,120739,354416,10928,12459,23387
22/3/2021,10128,15084,25212,243795,135823,379618,42,1,43,52,1,53,0,0,0,0,0,0,11094,24794,13700,,,,,,,10170,15085,25255,243847,135824,379671,11100,13700,24800
23/3/2021,9018,14420,23438,252813,150243,403056,395,0,395,447,1,448,0,0,0,0,0,0,10921,24810,13889,,,,,,,9413,14420,23833,253260,150244,403504,10984,13889,24873
24/3/2021,8662,1081,9743,261475,151324,412799,32,0,32,479,1,480,0,0,0,0,0,0,10266,22687,12422,,,,,,,8694,1081,9775,261954,151325,413279,10333,12422,22755
25/3/2021,8192,0,8192,269667,151324,420991,28,0,28,507,1,508,0,0,0,0,0,0,9743,20625,10882,,,,,,,8220,0,8220,270174,151325,421499,9814,10882,20696
26/3/2021,8519,0,8519,278186,151324,429510,5198,0,5198,5705,1,5706,0,0,0,0,0,0,9275,17899,8623,,,,,,,13717,0,13717,283891,151325,435216,10089,8624,18713
27/3/2021,7732,0,7732,285918,151324,437242,6308,0,6308,12013,1,12014,0,0,0,0,0,0,8762,15237,6474,,,,,,,14040,0,14040,297931,151325,449256,10477,6475,16951
28/3/2021,6635,0,6635,292553,151324,443877,6539,0,6539,18552,1,18553,0,0,0,0,0,0,8412,12782,4369,,,,,,,13174,0,13174,311105,151325,462430,11061,4369,15431
29/3/2021,6618,0,6618,299171,151324,450495,6053,0,6053,24605,1,24606,0,0,0,0,0,0,7911,10125,2214,,,,,,,12671,0,12671,323776,151325,475101,11418,2214,13633
30/3/2021,5405,0,5405,304576,151324,455900,9790,0,9790,34395,1,34396,0,0,0,0,0,0,7395,7549,154,,,,,,,15195,0,15195,338971,151325,490296,12244,154,12399
31/3/2021,5133,0,5133,309709,151324,461033,9648,0,9648,44043,1,44044,0,0,0,0,0,0,6891,6891,0,,,,,,,14781,0,14781,353752,151325,505077,13114,0,13114
1/4/2021,5224,0,5224,314933,151324,466257,10055,0,10055,54098,1,54099,0,0,0,0,0,0,6467,6467,0,7656,7656,,,,,15279,0,15279,369031,151325,520356,14122,0,14122
2/4/2021,5143,0,5143,320076,151324,471400,5718,0,5718,59816,1,59817,0,0,0,0,0,0,5984,5984,0,7730,7730,,,,,10861,0,10861,379892,151325,531217,13714,0,13714
3/4/2021,3625,0,3625,323701,151324,475025,9124,0,9124,68940,1,68941,0,0,0,0,0,0,5398,5398,0,8132,8132,,,,,12749,0,12749,392641,151325,543966,13530,0,13530
4/4/2021,3803,26,3829,327504,151350,478854,7623,632,8255,76563,633,77196,0,0,0,0,0,0,4993,4997,4,8287,8378,,,,,11426,658,12084,404067,151983,556050,13280,94,13374
5/4/2021,2851,5248,8099,330355,156598,486953,6569,6497,13066,83132,7130,90262,0,0,0,0,0,0,4455,5208,753,8361,9379,,,,,9420,11745,21165,413487,163728,577215,12816,1772,14588
6/4/2021,2682,13035,15717,333037,169633,502670,6249,16802,23051,89381,23932,113313,0,0,0,0,0,0,4066,6681,2616,7855,11274,,,,,8931,29837,38768,422418,193565,615983,11921,6034,17955
7/4/2021,3074,10256,13330,336111,179889,516000,14739,15716,30455,104120,39648,143768,0,0,0,0,0,0,3772,7852,4081,8582,14246,,,,,17813,25972,43785,440231,219537,659768,12354,9745,22099
8/4/2021,3297,10159,13456,339408,190048,529456,12159,14902,27061,116279,54550,170829,0,0,0,0,0,0,3496,9028,5532,8883,16676,,,,,15456,25061,40517,455687,244598,700285,12379,13325,25704
9/4/2021,3450,10701,14151,342858,200749,543607,11597,18984,30581,127876,73534,201410,0,0,0,0,0,0,3255,10315,7061,9723,20228,,,,,15047,29685,44732,470734,274283,745017,12977,17565,30543
10/4/2021,3259,13042,16301,346117,213791,559908,9962,20252,30214,137838,93786,231624,0,0,0,0,0,0,3202,12126,8924,9843,23240,,,,,13221,33294,46515,483955,307577,791532,13045,22322,35367
11/4/2021,2499,16511,19010,348616,230302,578918,8858,15474,24332,146696,109260,255956,0,0,0,0,0,0,3016,14295,11279,10019,25537,15518,,,,11357,31985,43342,495312,339562,834874,13035,26797,39832
12/4/2021,3152,15464,18616,351768,245766,597534,9494,15242,24736,156190,124502,280692,0,0,0,0,0,0,3059,15797,12738,10437,27204,16767,,,,12646,30706,43352,507958,370268,878226,13496,29506,43002
13/4/2021,3750,14105,17855,355518,259871,615389,9460,13395,22855,165650,137897,303547,0,0,0,0,0,0,3212,16103,12891,10896,27176,16281,,,,13210,27500,40710,521168,397768,918936,14107,29172,43279
14/4/2021,3910,13045,16955,359428,272916,632344,11770,3434,15204,177420,141331,318751,0,0,0,0,0,0,3331,16621,13290,10471,24998,14526,,,,15680,16479,32159,536848,414247,951095,13802,27816,41618
15/4/2021,3976,12659,16635,363404,285575,648979,11297,2051,13348,188717,143382,332099,0,0,0,0,0,0,3428,17075,13647,10348,23039,12690,,,,15273,14710,29983,552121,428957,981078,13776,26337,40113
16/4/2021,4542,18344,22886,367946,303919,671865,11922,1947,13869,200639,145329,345968,0,0,0,0,0,0,3584,18323,14739,10395,20651,10256,,,,16464,20291,36755,568585,449248,1017833,13979,24995,38974
17/4/2021,4018,21431,25449,371964,325350,697314,12075,1902,13977,212714,147231,359945,0,0,0,0,0,0,3692,19629,15937,10697,18332,7635,,,,16093,23333,39426,584678,472581,1057259,14389,23572,37961
18/4/2021,3583,18986,22569,375547,344336,719883,10380,882,11262,223094,148113,371207,0,0,0,0,0,0,3847,20138,16291,10914,16464,5550,,,,13963,19868,33831,598641,492449,1091090,14761,21841,36602
19/4/2021,4974,16515,21489,380521,360851,741372,10270,713,10983,233364,148826,382190,0,0,0,0,0,0,4108,20548,16441,11025,14500,3475,,,,15244,17228,32472,613885,509677,1123562,15132,19916,35048
20/4/2021,4616,12672,17288,385137,373523,758660,8563,236,8799,241927,149062,390989,0,0,0,0,0,0,4231,20467,16236,10897,12492,1595,,,,13179,12908,26087,627064,522585,1149649,15128,17831,32959
21/4/2021,3888,11324,15212,389025,384847,773872,8069,160,8229,249996,149222,399218,0,0,0,0,0,0,4228,20218,15990,10368,11495,1127,,,,11957,11484,23441,639021,534069,1173090,14596,17117,31714
22/4/2021,3832,11560,15392,392857,396407,789264,7992,166,8158,257988,149388,407376,0,0,0,0,0,0,4208,20041,15833,9896,10754,858,,,,11824,11726,23550,650845,545795,1196640,14103,16691,30795
23/4/2021,4327,13120,17447,397184,409527,806711,8612,173,8785,266600,149561,416161,0,0,0,0,0,0,4177,19264,15087,9423,10028,605,,,,12939,13293,26232,663784,559088,1222872,13600,15691,29291
24/4/2021,4499,17030,21529,401683,426557,828240,8519,140,8659,275119,149701,424820,0,0,0,0,0,0,4246,18704,14458,8915,9268,353,,,,13018,17170,30188,676802,576258,1253060,13161,14811,27972
25/4/2021,3678,10745,14423,405361,437302,842663,7558,130,7688,282677,149831,432508,0,0,0,0,0,0,4259,17540,13281,8512,8757,245,,,,11236,10875,22111,688038,587133,1275171,12771,13526,26297
26/4/2021,4351,12906,17257,409712,450208,859920,6842,2923,9765,289519,152754,442273,0,0,0,0,0,0,4170,16935,12765,8022,8583,561,,,,11193,15829,27022,699231,602962,1302193,12192,13326,25519
27/4/2021,4323,8121,12444,414035,458329,872364,5308,6916,12224,294827,159670,454497,0,1,1,0,1,1,4128,16243,12115,7557,9073,1515,,,,9631,15038,24669,708862,618000,1326862,11685,13631,25316
28/4/2021,4681,7107,11788,418716,465436,884152,5150,7946,13096,299977,167616,467593,0,0,0,0,1,1,4242,15754,11513,7140,9768,2628,,,,9831,15053,24884,718693,633053,1351746,11382,14141,25522
29/4/2021,4958,7883,12841,423674,473319,896993,4859,8055,12914,304836,175671,480507,0,0,0,0,1,1,4402,15390,10987,6693,10447,3755,,,,9817,15938,25755,728510,648991,1377501,11095,14742,25837
30/4/2021,6530,12777,19307,430204,486096,916300,5821,11144,16965,310657,186815,497472,0,0,0,0,1,1,4717,15656,10938,6294,11616,5322,,,,12351,23921,36272,740861,672912,1413773,11011,16261,27272
1/5/2021,4544,15535,20079,434748,501631,936379,4838,15723,20561,315495,202538,518033,0,0,0,0,1,1,4724,15448,10725,5768,13316,7548,,,,9382,31258,40640,750243,704170,1454413,10492,18273,28765
2/5/2021,4000,11750,15750,438748,513381,952129,4635,17133,21768,320130,219671,539801,0,0,0,0,1,1,4770,15638,10868,5350,15328,9977,,,,8635,28883,37518,758878,733053,1491931,10120,20846,30966
3/5/2021,7026,12764,19790,445774,526145,971919,2524,15409,17933,322654,235080,557734,0,0,0,0,1,1,5152,16000,10848,4734,16494,11761,,,,9550,28173,37723,768428,761226,1529654,9885,22609,32494
4/5/2021,6327,11504,17831,452101,537649,989750,2198,13154,15352,324852,248234,573086,0,0,0,0,1,1,5438,16769,11331,4289,16941,12652,,,,8525,24658,33183,776953,785884,1562837,9727,23983,33711
5/5/2021,5624,10036,15660,457725,547685,1005410,2865,12251,15116,327717,260485,588202,0,0,0,0,1,1,5573,17323,11750,3963,17230,13267,,,,8489,22287,30776,785442,808171,1593613,9536,25017,34552
6/5/2021,5104,10692,15796,462829,558377,1021206,2988,11656,14644,330705,272141,602846,0,0,0,0,1,1,5594,17745,12151,3696,17477,13781,,,,8092,22348,30440,793534,830519,1624053,9289,25933,35222
7/5/2021,5387,11757,17144,468216,570134,1038350,3530,17634,21164,334235,289775,624010,0,0,0,0,1,1,5430,17436,12005,3368,18077,14709,,,,8917,29391,38308,802451,859910,1662361,8799,26714,35513
8/5/2021,4906,12246,17152,473122,582380,1055502,3993,20943,24936,338228,310718,648946,0,0,0,0,1,1,5482,17018,11536,3248,18702,15454,,,,8899,33189,42088,811350,893099,1704449,8730,26990,35719
9/5/2021,3786,12155,15941,476908,594535,1071443,3282,17996,21278,341510,328714,670224,0,0,0,0,1,1,5451,17045,11593,3054,18632,15578,,,,7068,30151,37219,818418,923250,1741668,8506,27171,35677
10/5/2021,4877,10866,15743,481785,605401,1087186,3096,16049,19145,344606,344763,689369,0,0,0,0,1,1,5144,16467,11322,3136,18805,15669,,,,7973,26915,34888,826391,950165,1776556,8280,26991,35272
11/5/2021,4166,9058,13224,485951,614459,1100410,3460,11827,15287,348066,356590,704656,0,0,0,0,1,1,4836,15809,10973,3316,18796,15479,,,,7626,20885,28511,834017,971050,1805067,8152,26452,34604
12/5/2021,3866,7801,11667,489817,622260,1112077,3452,10670,14122,351518,367260,718778,0,0,0,0,1,1,4585,15238,10654,3400,18654,15254,,,,7318,18471,25789,841335,989521,1830856,7985,25907,33892
13/5/2021,3642,7660,11302,493459,629920,1123379,3757,10719,14476,355275,377979,733254,0,0,0,0,1,1,4376,14596,10220,3510,18630,15120,,,,7399,18379,25778,848734,1007900,1856634,7886,25340,33226
14/5/2021,4299,10376,14675,497758,640296,1138054,4422,12886,17308,359697,390865,750562,0,0,0,0,1,1,4220,14243,10023,3637,18079,14441,,,,8721,23262,31983,857455,1031162,1888617,7858,24465,32322
15/5/2021,4196,11707,15903,501954,652003,1153957,4314,17415,21729,364011,408280,772291,0,0,0,0,1,1,4119,14065,9946,3683,17621,13937,,,,8510,29122,37632,865965,1060284,1926249,7802,23884,31686
16/5/2021,3405,10491,13896,505359,662494,1167853,3798,11136,14934,367809,419416,787225,0,0,0,0,1,1,4064,13773,9708,3757,16714,12957,,,,7203,21627,28830,873168,1081911,1955079,7821,22666,30487
17/5/2021,4470,8107,12577,509829,670601,1180430,4748,11929,16677,372557,431345,803902,0,0,0,0,1,1,4006,13321,9314,3993,16362,12369,,,,9218,20036,29254,882386,1101947,1984333,7999,21683,29682
18/5/2021,5258,7933,13191,515087,678534,1193621,4407,8444,12851,376964,439789,816753,0,0,0,0,1,1,4162,13316,9154,4128,16014,11886,,,,9665,16377,26042,892051,1118324,2010375,8291,21039,29330
19/5/2021,2751,5992,8743,517838,684526,1202364,1884,5540,7424,378848,445329,824177,0,0,0,0,1,1,4003,12898,8895,3904,15057,11153,,,,4635,11532,16167,896686,1129856,2026542,7907,20048,27955
20/5/2021,4063,6695,10758,521901,691221,1213122,4766,8259,13025,383614,453588,837202,0,0,0,0,1,1,4063,12820,8757,4048,14850,10801,,,,8829,14954,23783,905515,1144810,2050325,8112,19559,27670
21/5/2021,5101,8909,14010,527002,700130,1227132,4734,12100,16834,388348,465688,854036,0,0,0,0,1,1,4178,12725,8548,4093,14782,10689,,,,9835,21009,30844,915350,1165819,2081169,8271,19237,27507
22/5/2021,5087,10771,15858,532089,710901,1242990,4834,15958,20792,393182,481646,874828,0,0,0,0,1,1,4305,12719,8414,4167,14648,10481,,,,9921,26729,36650,925271,1192548,2117819,8472,18895,27367
23/5/2021,3964,7843,11807,536053,718744,1254797,3932,13096,17028,397114,494742,891856,0,0,0,0,1,1,4385,12421,8036,4186,14947,10761,,,,7896,20939,28835,933167,1213487,2146654,8571,18797,27368
24/5/2021,5966,6682,12648,542019,725426,1267445,4228,11503,15731,401342,506245,907587,0,0,0,0,1,1,4599,12431,7832,4112,14812,10700,,,,10194,18185,28379,943361,1231672,2175033,8711,18532,27243
25/5/2021,5947,5172,11119,547966,730598,1278564,4003,9938,13941,405345,516183,921528,0,0,0,0,1,1,4697,12135,7438,4054,14968,10913,,,,9950,15110,25060,953311,1246782,2200093,8751,18351,27103
26/5/2021,5801,5410,11211,553767,736008,1289775,4043,8823,12866,409388,525006,934394,0,0,0,0,1,1,5133,12487,7355,4363,15745,11382,,,,9844,14233,24077,963155,1261015,2224170,9496,18737,28233
27/5/2021,6455,6318,12773,560222,742326,1302548,4294,9077,13371,413682,534083,947765,0,0,0,0,1,1,5474,12775,7301,4295,15795,11499,,,,10749,15395,26144,973904,1276410,2250314,9770,18800,28570
28/5/2021,7710,9489,17199,567932,751815,1319747,6056,12743,18799,419738,546826,966564,0,0,0,0,1,1,5847,13231,7384,4484,16075,11591,,,,13766,22232,35998,987670,1298642,2286312,10331,18975,29306
29/5/2021,9616,12840,22456,577548,764655,1342203,4861,15224,20085,424599,562050,986649,0,0,0,0,1,1,6494,14173,7679,4488,15974,11486,,,,14477,28064,42541,1002147,1326706,2328853,10982,19165,30148
30/5/2021,7398,9755,17153,584946,774410,1359356,5263,12760,18023,429862,574810,1004672,0,0,0,0,1,1,6985,14937,7952,4678,16117,11438,,,,12661,22515,35176,1014808,1349221,2364029,11663,19391,31054
31/5/2021,9855,10251,20106,594801,784661,1379462,6211,10152,16363,436073,584962,1021035,0,0,0,0,1,1,7540,16002,8462,4962,16207,11245,,,,16066,20403,36469,1030874,1369624,2400498,12502,19707,32209
1/6/2021,11211,8639,19850,606012,793300,1399312,5612,8103,13715,441685,593065,1034750,0,0,0,0,1,1,8292,17250,8957,5191,16175,10983,,,,16823,16742,33565,1047697,1386366,2434063,13484,19941,33424
2/6/2021,11347,8452,19799,617359,801752,1419111,5446,7255,12701,447131,600320,1047451,0,0,0,0,1,1,9085,18477,9392,5392,16151,10759,,,,16793,15707,32500,1064490,1402073,2466563,14476,20151,34628
3/6/2021,12238,11624,23862,629597,813376,1442973,5085,7270,12355,452216,607590,1059806,0,1,1,0,2,2,9911,20061,10150,5505,16006,10501,,,,17323,18895,36218,1081813,1420968,2502781,15416,20651,36067
4/6/2021,13083,16061,29144,642680,829437,1472117,5314,10493,15807,457530,618083,1075613,0,0,0,0,2,2,10678,21767,11089,5399,15578,10180,,,,18397,26554,44951,1100210,1447522,2547732,16077,21269,37346
5/6/2021,11909,19555,31464,654589,848992,1503581,5536,13516,19052,463066,631599,1094665,0,0,0,0,2,2,11006,23054,12048,5495,15431,9936,,,,17445,33071,50516,1117655,1480593,2598248,16501,21984,38485
6/6/2021,9242,15311,24553,663831,864303,1528134,4133,10650,14783,467199,642249,1109448,0,0,0,0,2,2,11269,24111,12842,5334,14968,9634,,,,13375,25961,39336,1131030,1506554,2637584,16603,22476,39079
7/6/2021,14183,15252,29435,678014,879555,1557569,5020,7697,12717,472219,649946,1122165,0,0,0,0,2,2,11888,25444,13556,5164,14447,9283,,,,19203,22949,42152,1150233,1529503,2679736,17051,22840,39891
8/6/2021,13970,12446,26416,691984,892001,1583985,4224,5840,10064,476443,655786,1132229,0,0,0,0,2,2,12282,26382,14100,4965,13926,8960,,,,18194,18286,36480,1168427,1547789,2716216,17247,23060,40308
9/6/2021,13089,11376,24465,705073,903377,1608450,3736,4664,8400,480179,660450,1140629,0,0,0,0,2,2,12531,27048,14518,4721,13311,8590,,,,16825,16040,32865,1185252,1563829,2749081,17252,23108,40360
10/6/2021,13931,14151,28082,719004,917528,1636532,3651,6499,10150,483830,666949,1150779,0,0,0,0,2,2,12772,27651,14879,4516,12996,8480,,,,17582,20650,38232,1202834,1584479,2787313,17289,23359,40647
11/6/2021,16373,19036,35409,735377,936564,1671941,4414,10611,15025,488244,677560,1165804,0,0,0,0,2,2,13242,28546,15304,4388,12884,8497,,,,20787,29647,50434,1223621,1614126,2837747,17630,23801,41431
12/6/2021,14389,21713,36102,749766,958277,1708043,4695,13347,18042,492939,690907,1183846,0,0,0,0,2,2,13597,29209,15612,4268,12740,8473,,,,19084,35060,54144,1242705,1649186,2891891,17864,24085,41949
13/6/2021,10936,19153,30089,760702,977430,1738132,3550,8861,12411,496489,699768,1196257,0,0,0,0,2,2,13839,30000,16161,4184,12401,8217,,,,14486,28014,42500,1257191,1677200,2934391,18023,24378,42401
14/6/2021,7986,15493,23479,768688,992923,1761611,1956,5054,7010,498445,704822,1203267,0,0,0,0,2,2,12953,29149,16195,3747,11586,7839,,,,9942,20547,30489,1267133,1697747,2964880,16700,24035,40735
15/6/2021,13043,16126,29169,781731,1009049,1790780,5920,6432,12352,504365,711254,1215619,0,0,0,0,2,2,12821,29542,16721,3989,11913,7924,,,,18963,22558,41521,1286096,1720305,3006401,16810,24645,41455
16/6/2021,13844,13345,27189,795575,1022394,1817969,2886,5384,8270,507251,716638,1223889,0,0,0,0,2,2,12929,29931,17002,3867,11894,8027,,,,16730,18729,35459,1302826,1739034,3041860,16796,25029,41826
17/6/2021,14196,15039,29235,809771,1037433,1847204,3801,5867,9668,511052,722505,1233557,0,0,0,0,2,2,12967,30096,17129,3889,11825,7937,,,,17997,20906,38903,1320823,1759940,3080763,16856,25066,41921
18/6/2021,14704,21128,35832,824475,1058561,1883036,5311,9187,14498,516363,731692,1248055,0,0,0,0,2,2,12728,30156,17428,4017,11750,7733,,,,20015,30315,50330,1340838,1790255,3131093,16745,25161,41907
19/6/2021,12138,21217,33355,836613,1079778,1916391,5702,12556,18258,522065,744248,1266313,0,0,0,0,2,2,12407,29764,17357,4161,11781,7620,,,,17840,33773,51613,1358678,1824028,3182706,16568,24977,41545
20/6/2021,7864,16193,24057,844477,1095971,1940448,4601,9301,13902,526666,753549,1280215,0,0,0,0,2,2,11968,28902,16934,4311,11994,7683,,,,12465,25494,37959,1371143,1849522,3220665,16279,24617,40896
21/6/2021,13631,16866,30497,858108,1112837,1970945,5631,9875,15506,532297,763424,1295721,0,0,0,0,2,2,12774,29905,17131,4836,13208,8372,,,,19262,26741,46003,1390405,1876263,3266668,17610,25502,43113
22/6/2021,13831,13972,27803,871939,1126809,1998748,5556,7638,13194,537853,771062,1308915,0,0,0,0,2,2,12887,29710,16823,4784,13328,8544,,,,19387,21610,40997,1409792,1897873,3307665,17671,25367,43038
23/6/2021,12586,14893,27479,884525,1141702,2026227,5333,7872,13205,543186,778934,1322120,0,0,0,0,2,2,12707,29751,17044,5134,14033,8899,,,,17919,22765,40684,1427711,1920638,3348349,17841,25943,43784
24/6/2021,13176,17471,30647,897701,1159173,2056874,5741,10035,15776,548927,788969,1337896,0,0,0,0,2,2,12561,29953,17391,5411,14906,9495,,,,18917,27506,46423,1446628,1948144,3394772,17972,26886,44858
25/6/2021,14945,20486,35431,912646,1179659,2092305,7548,14963,22511,556475,803932,1360407,0,0,0,0,2,2,12596,29896,17300,5730,16050,10320,,,,22493,35449,57942,1469121,1983593,3452714,18326,27620,45946
26/6/2021,10727,19603,30330,923373,1199262,2122635,9515,18714,28229,565990,822646,1388636,0,0,0,0,2,2,12394,29463,17069,6275,17475,11200,,,,20242,38317,58559,1489363,2021910,3511273,18669,28269,46938
27/6/2021,7466,20246,27712,930839,1219508,2150347,7665,14828,22493,573655,837474,1411129,0,0,0,0,2,2,12337,29986,17648,6713,18702,11989,,,,15131,35074,50205,1504494,2056984,3561478,19050,29637,48688
28/6/2021,12098,17226,29324,942937,1236734,2179671,8996,13226,22222,582651,850700,1433351,0,0,0,0,2,2,12118,29818,17700,7193,19661,12468,,,,21094,30452,51546,1525588,2087436,3613024,19312,30168,49479
29/6/2021,13463,19336,32799,956400,1256070,2212470,11229,12042,23271,593880,862742,1456622,0,0,0,0,2,2,12066,30532,18466,8004,21101,13097,,,,24692,31378,56070,1550280,2118814,3669094,20070,31563,51633
30/6/2021,13660,22984,36644,970060,1279054,2249114,11234,12386,23620,605114,875128,1480242,0,0,0,0,2,2,12219,31841,19622,8847,22589,13742,,,,24894,35370,60264,1575174,2154184,3729358,21066,33364,54430
1/7/2021,8008,24701,32709,978068,1303755,2281823,5714,9228,14942,610828,884356,1495184,0,0,0,0,2,2,11481,32136,20655,8843,22470,13627,,,,13722,33929,47651,1588896,2188113,3777009,20324,34281,54605
2/7/2021,12503,22132,34635,990571,1325887,2316458,15665,19815,35480,626493,904171,1530664,0,0,0,0,2,2,11132,32022,20890,10003,24322,14320,,,,28168,41947,70115,1617064,2230060,3847124,21135,35210,56344
3/7/2021,9174,17999,27173,999745,1343886,2343631,12695,21855,34550,639188,926026,1565214,0,0,0,0,2,2,10910,31571,20661,10457,25225,14769,,,,21869,39854,61723,1638933,2269914,3908847,21367,35429,56796
4/7/2021,5870,20957,26827,1005615,1364843,2370458,9829,16292,26121,649017,942318,1591335,0,0,0,0,2,2,10682,31444,20762,10766,25744,14978,,,,15699,37249,52948,1654632,2307163,3961795,21448,35740,57188
5/7/2021,12748,23662,36410,1018363,1388505,2406868,14125,14108,28233,663142,956426,1619568,0,0,0,0,2,2,10775,32457,21682,11499,26602,15104,,,,26873,37770,64643,1681505,2344933,4026438,22274,36785,59059
6/7/2021,11950,22029,33979,1030313,1410534,2440847,12951,12927,25878,676093,969353,1645446,0,0,0,0,2,2,10559,32625,22066,11745,26975,15230,,,,24901,34956,59857,1706406,2379889,4086295,22304,37296,59600
7/7/2021,11362,21723,33085,1041675,1432257,2473932,12111,12078,24189,688204,981431,1669635,0,0,0,0,2,2,10231,32117,21886,11870,27056,15186,,,,23473,33801,57274,1729879,2413690,4143569,22101,37072,59173
8/7/2021,11141,24208,35349,1052816,1456465,2509281,13585,14818,28403,701789,996249,1698038,0,0,0,0,2,2,10678,32494,21816,12994,28979,15985,,,,24726,39026,63752,1754605,2452716,4207321,23673,37800,61473
9/7/2021,11610,20977,32587,1064426,1477442,2541868,15863,21798,37661,717652,1018047,1735699,0,0,0,0,2,2,10551,32201,21651,13023,29291,16268,,,,27473,42775,70248,1782078,2495491,4277569,23573,37919,61492
10/7/2021,7219,16150,23369,1071645,1493592,2565237,15306,25469,40775,732958,1043516,1776474,0,0,0,0,2,2,10271,31658,21387,13396,30180,16784,,,,22525,41619,64144,1804603,2537110,4341713,23667,38171,61838
11/7/2021,4901,21662,26563,1076546,1515254,2591800,11134,17343,28477,744092,1060859,1804951,0,0,0,0,2,2,10133,31620,21487,13582,30517,16934,,,,16035,39005,55040,1820638,2576115,4396753,23715,38422,62137
12/7/2021,12991,23890,36881,1089537,1539144,2628681,8590,16290,24880,752682,1077149,1829831,0,0,0,0,2,2,10168,31688,21520,12791,30038,17246,,,,21581,40180,61761,1842219,2616295,4458514,22959,38766,61725
13/7/2021,11140,24854,35994,1100677,1563998,2664675,11377,12421,23798,764059,1089570,1853629,0,0,0,0,2,2,10052,31975,21923,12567,29740,17174,,,,22517,37275,59792,1864736,2653570,4518306,22619,39097,61716
14/7/2021,9166,24744,33910,1109843,1588742,2698585,11344,12047,23391,775403,1101617,1877020,0,0,0,0,2,2,9738,32093,22355,12457,29626,17169,,,,20510,36791,57301,1885246,2690361,4575607,22195,39524,61720
15/7/2021,9770,23011,32781,1119613,1611753,2731366,13636,16951,30587,789039,1118568,1907607,0,0,0,0,2,2,9542,31726,22184,12464,29938,17474,,,,23406,39962,63368,1908652,2730323,4638975,22007,39658,61665
16/7/2021,10521,21757,32278,1130134,1633510,2763644,15307,21400,36707,804346,1139968,1944314,3,0,3,3,2,5,9387,31682,22295,12385,29802,17417,,,,25831,43157,68988,1934483,2773480,4707963,21772,39713,61485
17/7/2021,7635,18989,26624,1137769,1652499,2790268,14278,22551,36829,818624,1162519,1981143,0,0,0,3,2,5,9446,32147,22701,12238,29238,17000,,,,21913,41540,63453,1956396,2815020,4771416,21685,39701,61386
18/7/2021,5712,20981,26693,1143481,1673480,2816961,9674,18952,28626,828298,1181471,2009769,0,0,0,3,2,5,9562,32166,22604,12029,29260,17230,,,,15386,39933,55319,1971782,2854953,4826735,21592,39834,61426
19/7/2021,10535,25873,36408,1154016,1699353,2853369,13118,15622,28740,841416,1197093,2038509,0,0,0,3,2,5,9211,32098,22887,12676,29811,17135,,,,23653,41495,65148,1995435,2896448,4891883,21888,40022,61910
20/7/2021,9463,25253,34716,1163479,1724606,2888085,12634,14350,26984,854050,1211443,2065493,0,0,0,3,2,5,8972,31916,22944,12856,30266,17410,,,,22097,39603,61700,2017532,2936051,4953583,21828,40354,62182
21/7/2021,8736,25741,34477,1172215,1750347,2922562,11747,14592,26339,865797,1226035,2091832,0,0,0,3,2,5,8910,31997,23086,12913,30687,17774,,,,20483,40333,60816,2038015,2976384,5014399,21824,40860,62685
22/7/2021,9371,23765,33136,1181586,1774112,2955698,12803,18326,31129,878600,1244361,2122961,0,0,0,3,2,5,8853,32047,23194,12794,30765,17970,,,,22174,42091,64265,2060189,3018475,5078664,21648,41165,62813
23/7/2021,10097,16781,26878,1191683,1790893,2982576,15247,28657,43904,893847,1273018,2166865,0,1,1,3,3,6,8793,31276,22483,12786,31793,19007,,,,25344,45439,70783,2085533,3063914,5149447,21579,41491,63069
24/7/2021,8889,15137,24026,1200572,1806030,3006602,12067,28453,40520,905914,1301471,2207385,0,0,0,3,3,6,8972,30905,21933,12470,32320,19850,,,,20956,43590,64546,2106489,3107504,5213993,21442,41783,63225
25/7/2021,5970,19507,25477,1206542,1825537,3032079,8004,22526,30530,913918,1323997,2237915,8,0,8,11,3,14,9009,30731,21722,12231,32592,20361,,,,13982,42033,56015,2120471,3149537,5270008,21241,42083,63325
26/7/2021,11233,21736,32969,1217775,1847273,3065048,11854,21894,33748,925772,1345891,2271663,0,0,0,11,3,14,9108,30240,21131,12051,33308,21257,,,,23087,43630,66717,2143558,3193167,5336725,21160,42388,63549
27/7/2021,10370,24173,34543,1228145,1871446,3099591,11576,18762,30338,937348,1364653,2302001,0,0,0,11,3,14,9238,30215,20977,11900,33787,21887,,,,21946,42935,64881,2165504,3236102,5401606,21139,42864,64003
28/7/2021,10242,22702,32944,1238387,1894148,3132535,11466,18807,30273,948814,1383460,2332274,0,0,0,11,3,14,9453,29996,20543,11860,34349,22489,,,,21708,41509,63217,2187212,3277611,5464823,21314,43032,64346
29/7/2021,11509,21626,33135,1249896,1915774,3165670,8302,21646,29948,957116,1405106,2362222,0,0,0,11,3,14,9759,29996,20237,11217,34180,22964,,,,19811,43272,63083,2207023,3320883,5527906,20976,43201,64177
30/7/2021,11197,20487,31684,1261093,1936261,3197354,14025,24586,38611,971141,1429692,2400833,0,0,0,11,3,14,9916,30683,20767,11042,33424,22382,,,,25222,45073,70295,2232245,3365956,5598201,20959,43149,64108
31/7/2021,8558,21389,29947,1269651,1957650,3227301,12212,22868,35080,983353,1452560,2435913,0,0,0,11,3,14,9868,31528,21660,11063,32647,21584,,,,20770,44257,65027,2253015,3410213,5663228,20932,43244,64176
1/8/2021,6250,22456,28706,1275901,1980106,3256007,7346,19737,27083,990699,1472297,2462996,7,0,7,18,3,21,9908,31990,22081,10969,32154,21186,,,,13603,42193,55796,2266618,3452406,5719024,20878,43267,64145
2/8/2021,12999,23478,36477,1288900,2003584,3292484,11821,20749,32570,1002520,1493046,2495566,0,0,0,18,3,21,10161,32491,22330,10964,31986,21022,,,,24820,44227,69047,2291438,3496633,5788071,21126,43352,64478
3/8/2021,13650,24707,38357,1302550,2028291,3330841,10982,19579,30561,1013502,1512625,2526127,0,0,0,18,3,21,10629,33036,22406,10879,32018,21139,,,,24632,44286,68918,2316070,3540919,5856989,21509,43545,65055
4/8/2021,10476,24732,35208,1313026,2053023,3366049,10466,19758,30224,1023968,1532383,2556351,0,0,0,18,3,21,10663,33359,22696,10736,32011,21275,,,,20942,44490,65432,2337012,3585409,5922421,21400,43971,65371
5/8/2021,10635,24777,35412,1323661,2077800,3401461,10736,21045,31781,1034704,1553428,2588132,1,0,1,19,3,22,10538,33684,23147,11084,32273,21189,,,,21372,45822,67194,2358384,3631231,5989615,21623,44335,65958
6/8/2021,11427,21270,32697,1335088,2099070,3434158,12176,25656,37832,1046880,1579084,2625964,0,0,0,19,3,22,10571,33829,23258,10820,32162,21342,,,,23603,46926,70529,2381987,3678157,6060144,21392,44600,65992
7/8/2021,9734,19900,29634,1344822,2118970,3463792,9132,25843,34975,1056012,1604927,2660939,0,0,0,19,3,22,10739,33784,23046,10380,32147,21767,,,,18866,45743,64609,2400853,3723900,6124753,21120,44812,65932
8/8/2021,5778,24281,30059,1350600,2143251,3493851,5475,19846,25321,1061487,1624773,2686260,3,0,3,22,3,25,10671,33978,23306,10113,31895,21782,,,,11256,44127,55383,2412109,3768027,6180136,20784,45089,65873
9/8/2021,10334,24499,34833,1360934,2167750,3528684,12181,21698,33879,1073668,1646471,2720139,0,0,0,22,3,25,10291,33743,23452,10164,32082,21918,,,,22515,46197,68712,2434624,3814224,6248848,20455,45370,65825
10/8/2021,9889,26875,36764,1370823,2194625,3565448,10227,19830,30057,1083895,1666301,2750196,0,0,0,22,3,25,9753,33515,23762,10056,32010,21954,,,,20116,46705,66821,2454740,3860929,6315669,19810,45716,65526
11/8/2021,9789,26353,36142,1380612,2220978,3601590,8798,20551,29349,1092693,1686852,2779545,0,1,1,22,4,26,9655,33649,23994,9818,31885,22067,,,,18587,46905,65492,2473327,3907834,6381161,19474,46061,65534
12/8/2021,9944,23204,33148,1390556,2244182,3634738,9735,23106,32841,1102428,1709958,2812386,0,0,0,22,4,26,9556,33325,23769,9675,32036,22361,,,,19679,46310,65989,2493006,3954144,6447150,19232,46130,65362
13/8/2021,9895,23619,33514,1400451,2267801,3668252,10956,24047,35003,1113384,1734005,2847389,0,0,0,22,4,26,9338,33442,24104,9501,31632,22132,,,,20851,47666,68517,2513857,4001810,6515667,18839,46236,65075
14/8/2021,8197,22210,30407,1408648,2290011,3698659,9149,24514,33663,1122533,1758519,2881052,0,1,1,22,5,27,9118,33552,24434,9503,31445,21942,,,,17346,46725,64071,2531203,4048535,6579738,18621,46376,64998
15/8/2021,4797,24811,29608,1413445,2314822,3728267,6284,19456,25740,1128817,1777975,2906792,0,0,0,22,5,27,8978,33488,24510,9619,31505,21886,,,,11081,44267,55348,2542284,4092802,6635086,18596,46396,64993
16/8/2021,9113,26303,35416,1422558,2341125,3763683,10264,19355,29619,1139081,1797330,2936411,0,0,0,22,5,27,8803,33571,24768,9345,30896,21551,,,,19377,45658,65035,2561661,4138460,6700121,18148,46319,64468
17/8/2021,8505,25256,33761,1431063,2366381,3797444,8479,19191,27670,1147560,1816521,2964081,1,0,1,23,5,28,8606,33142,24537,9095,30555,21460,,,,16985,44447,61432,2578646,4182907,6761553,17701,45997,63698
18/8/2021,7616,24715,32331,1438679,2391096,3829775,8576,19107,27683,1156136,1835628,2991764,15,16,31,38,21,59,8295,32598,24303,9063,30317,21254,,,,16207,43838,60045,2594853,4226745,6821598,17361,45559,62920
19/8/2021,7573,21169,28742,1446252,2412265,3858517,8882,22017,30899,1165018,1857645,3022663,0,0,0,38,21,59,7957,31968,24012,8941,30040,21098,,,,16455,43186,59641,2611308,4269931,6881239,16900,45112,62013
20/8/2021,8071,18196,26267,1454323,2430461,3884784,10644,26165,36809,1175662,1883810,3059472,1,0,1,39,21,60,7696,30933,23237,8897,30298,21401,,,,18716,44361,63077,2630024,4314292,6944316,16595,44640,61236
21/8/2021,6226,15932,22158,1460549,2446393,3906942,9809,27680,37489,1185471,1911490,3096961,0,3,3,39,24,63,7414,29755,22340,8991,30844,21853,,,,16035,43615,59650,2646059,4357907,7003966,16408,44196,60604
22/8/2021,3537,18447,21984,1464086,2464840,3928926,6359,21915,28274,1191830,1933405,3125235,41,0,41,80,24,104,7234,28666,21431,9002,31206,22204,,,,9937,40362,50299,2655996,4398269,7054265,16245,43638,59883
23/8/2021,7503,19516,27019,1471589,2484356,3955945,10847,21978,32825,1202677,1955383,3158060,0,0,0,80,24,104,7004,27466,20462,9085,31664,22579,,,,18350,41494,59844,2674346,4439763,7114109,16098,43043,59141
24/8/2021,6914,20299,27213,1478503,2504655,3983158,9398,20363,29761,1212075,1975746,3187821,15,10,25,95,34,129,6777,26531,19753,9216,31963,22746,,,,16327,40672,56999,2690673,4480435,7171108,16004,42504,58508
25/8/2021,6230,18772,25002,1484733,2523427,4008160,9593,21757,31350,1221668,1997503,3219171,0,0,0,95,34,129,6579,25484,18904,9362,32487,23125,,,,15823,40529,56352,2706496,4520964,7227460,15949,42031,57980
26/8/2021,6849,16817,23666,1491582,2540244,4031826,11298,25726,37024,1232966,2023229,3256195,0,0,0,95,34,129,6476,24758,18283,9707,33362,23655,,,,18147,42543,60690,2724643,4563507,7288150,16191,41939,58130
27/8/2021,7218,16549,23767,1498800,2556793,4055593,11742,27583,39325,1244708,2050812,3295520,0,0,0,95,34,129,6354,24401,18047,9864,33721,23857,,,,18960,44132,63092,2743603,4607639,7351242,16226,41907,58132
28/8/2021,6302,15766,22068,1505102,2572559,4077661,10697,28110,38807,1255405,2078922,3334327,0,0,0,95,34,129,6365,24388,18024,9991,33909,23919,,,,16999,43876,60875,2760602,4651515,7412117,16363,41944,58307
29/8/2021,3268,15477,18745,1508370,2588036,4096406,6932,25420,32352,1262337,2104342,3366679,33,0,33,128,34,162,6326,23926,17599,10072,34492,24420,,,,10233,40897,51130,2770835,4692412,7463247,16406,42020,58426
30/8/2021,7188,16147,23335,1515558,2604183,4119741,13626,26982,40608,1275963,2131324,3407287,0,0,0,128,34,162,6281,23399,17118,10469,35604,25134,,,,20814,43129,63943,2791649,4735541,7527190,16758,42254,59012
31/8/2021,6360,13903,20263,1521918,2618086,4140004,13764,27349,41113,1289727,2158673,3448400,0,0,0,128,34,162,6202,22407,16204,11093,37226,26132,,,,20124,41252,61376,2811773,4776793,7588566,17300,42337,59637
1/9/2021,5857,16196,22053,1527775,2634282,4162057,9212,18064,27276,1298939,2176737,3475676,0,0,0,128,34,162,6149,21985,15836,11039,36644,25605,,,,15069,34260,49329,2826842,4811053,7637895,17192,41441,58634
2/9/2021,5521,15248,20769,1533296,2649530,4182826,9363,17685,27048,1308302,2194422,3502724,0,0,0,128,34,162,5959,21571,15612,10762,35218,24456,,,,14884,32933,47817,2841726,4843986,7685712,16726,40068,56795
3/9/2021,5388,17069,22457,1538684,2666599,4205283,11077,22689,33766,1319379,2217111,3536490,0,0,0,128,34,162,5698,21384,15687,10667,34424,23757,,,,16465,39758,56223,2858191,4883744,7741935,16370,39444,55813
4/9/2021,4270,18663,22933,1542954,2685262,4228216,10092,24236,34328,1329471,2241347,3570818,0,6,6,128,40,168,5407,21508,16100,10581,33784,23204,,,,14362,42905,57267,2872553,4926649,7799202,15993,39305,55298
5/9/2021,1913,14649,16562,1544867,2699911,4244778,5703,21001,26704,1335174,2262348,3597522,27,0,27,155,40,195,5214,21196,15982,10405,32978,22572,,,,7643,35650,43293,2880196,4962299,7842495,15623,38555,54178
6/9/2021,5089,10367,15456,1549956,2710278,4260234,9866,19999,29865,1345040,2282347,3627387,0,0,0,155,40,195,4914,20070,15156,9868,31443,21575,,,,14955,30366,45321,2895151,4992665,7887816,14786,36732,51518
7/9/2021,4504,8064,12568,1554460,2718342,4272802,8970,18526,27496,1354010,2300873,3654883,0,0,0,155,40,195,4649,18971,14322,9183,29498,20314,,,,13474,26590,40064,2908625,5019255,7927880,13836,34637,48473
8/9/2021,4408,7664,12072,1558868,2726006,4284874,9190,18690,27880,1363200,2319563,3682763,0,0,0,155,40,195,4442,17545,13103,9180,29584,20404,,,,13598,26354,39952,2922223,5045609,7967832,13626,33508,47134
9/9/2021,4570,8840,13410,1563438,2734846,4298284,9577,19844,29421,1372777,2339407,3712184,0,0,0,155,40,195,4306,16494,12188,9211,29923,20712,,,,14147,28684,42831,2936370,5074293,8010663,13521,32901,46422
10/9/2021,5131,10180,15311,1568569,2745026,4313595,10657,25642,36299,1383434,2365049,3748483,0,0,0,155,40,195,4269,15473,11204,9151,30285,21134,,,,15788,35822,51610,2952158,5110115,8062273,13424,32339,45763
11/9/2021,3800,12615,16415,1572369,2757641,4330010,9548,27572,37120,1392982,2392621,3785603,0,0,0,155,40,195,4202,14542,10340,9073,30684,21611,,,,13348,40187,53535,2965506,5150302,8115808,13279,31950,45229
12/9/2021,1673,8608,10281,1574042,2766249,4340291,5141,20836,25977,1398123,2413457,3811580,0,0,0,155,40,195,4168,13645,9477,8993,30580,21587,,,,6814,29444,36258,2972320,5179746,8152066,13161,31064,44224
13/9/2021,4341,6180,10521,1578383,2772429,4350812,8790,16975,25765,1406913,2430432,3837345,0,0,0,155,40,195,4061,12940,8879,8839,29994,21155,,,,13131,23155,36286,2985451,5202901,8188352,12900,30034,42934
14/9/2021,3829,4388,8217,1582212,2776817,4359029,7566,14081,21647,1414479,2444513,3858992,0,0,0,155,40,195,3965,12318,8354,8638,29158,20520,,,,11395,18469,29864,2996846,5221370,8218216,12603,28874,41477
15/9/2021,3777,4530,8307,1585989,2781347,4367336,7390,13927,21317,1421869,2458440,3880309,0,0,0,155,40,195,3874,11780,7906,8381,28221,19840,,,,11167,18457,29624,3008013,5239827,8247840,12256,27745,40001
16/9/2021,3368,5394,8762,1589357,2786741,4376098,7384,14699,22083,1429253,2473139,3902392,17,22,39,172,62,234,3703,11116,7414,8068,27173,19105,,,,10769,20115,30884,3018782,5259942,8278724,11773,26521,38294
17/9/2021,3852,7331,11183,1593209,2794072,4387281,8289,18164,26453,1437542,2491303,3928845,5,9,14,177,71,248,3520,10527,7007,7730,25766,18036,,,,12146,25504,37650,3030928,5285446,8316374,11253,25047,36300
18/9/2021,2746,8774,11520,1595955,2802846,4398801,7323,21669,28992,1444865,2512972,3957837,0,2,2,177,73,250,3369,9827,6458,7412,24605,17193,,,,10069,30445,40514,3040997,5315891,8356888,10784,23656,34440
19/9/2021,1150,5129,6279,1597105,2807975,4405080,3862,13361,17223,1448727,2526333,3975060,23,0,23,200,73,273,3295,9256,5961,7229,23354,16125,,,,5035,18490,23525,3046032,5334381,8380413,10530,22091,32621
20/9/2021,3181,4284,7465,1600286,2812259,4412545,6972,10548,17520,1455699,2536881,3992580,0,0,0,200,73,273,3129,8819,5690,6969,22176,15207,,,,10153,14832,24985,3056185,5349213,8405398,10105,20902,31007
21/9/2021,2323,3230,5553,1602609,2815489,4418098,5084,7972,13056,1460783,2544853,4005636,5,6,11,205,79,284,2914,8438,5525,6615,20949,14334,,,,7412,11208,18620,3063597,5360421,8424018,9536,19864,29400
22/9/2021,851,3307,4158,1603460,2818796,4422256,2374,10029,12403,1463157,2554882,4018039,0,0,0,205,79,284,2496,7846,5350,5898,19676,13777,,,,3225,13336,16561,3066822,5373757,8440579,8401,19133,27534
23/9/2021,3628,4454,8082,1607088,2823250,4430338,9290,16439,25729,1472447,2571321,4043768,0,0,0,205,79,284,2533,7749,5216,6171,20197,14026,,,,12918,20893,33811,3079740,5394650,8474390,8708,19244,27952
24/9/2021,4238,6752,10990,1611326,2830002,4441328,8155,18167,26322,1480602,2589488,4070090,0,0,0,205,79,284,2588,7721,5133,6151,20178,14026,,,,12393,24919,37312,3092133,5419569,8511702,8744,19160,27904
25/9/2021,3155,6945,10100,1614481,2836947,4451428,7293,21708,29001,1487895,2611196,4099091,0,0,0,205,79,284,2647,7518,4872,6147,20179,14032,,,,10448,28653,39101,3102581,5448222,8550803,8798,18904,27702
26/9/2021,1420,4504,5924,1615901,2841451,4457352,3594,14130,17724,1491489,2625326,4116815,0,0,0,205,79,284,2685,7467,4782,6109,20251,14142,,,,5014,18634,23648,3107595,5466856,8574451,8795,18925,27720
27/9/2021,4092,4335,8427,1619993,2845786,4465779,7109,11206,18315,1498598,2636532,4135130,4,4,8,209,83,292,2815,7605,4790,6128,20364,14236,,,,11205,15545,26750,3118800,5482401,8601201,8945,19027,27972
28/9/2021,3614,3459,7073,1623607,2849245,4472852,6623,8245,14868,1505221,2644777,4149998,0,2,2,209,85,294,3000,7822,4822,6348,20623,14275,,,,10237,11706,21943,3129037,5494107,8623144,9349,19098,28447
29/9/2021,2918,4868,7786,1626525,2854113,4480638,6738,9109,15847,1511959,2653886,4165845,0,0,0,209,85,294,3295,8340,5045,6972,21115,14143,,,,9656,13977,23633,3138693,5508084,8646777,10267,19190,29457
30/9/2021,3604,8288,11892,1630129,2862401,4492530,6698,11703,18401,1518657,2665589,4184246,0,0,0,209,85,294,3292,8885,5593,6601,20068,13467,,,,10302,19991,30293,3148995,5528075,8677070,9894,19061,28954
1/10/2021,1213,4250,5463,1631342,2866651,4497993,2034,8097,10131,1520691,2673686,4194377,0,0,0,209,85,294,2859,8095,5236,5727,17755,12028,,,,3247,12347,15594,3152242,5540422,8692664,8587,17265,25852
2/10/2021,2063,3543,5606,1633405,2870194,4503599,5904,11153,17057,1526595,2684839,4211434,0,0,0,209,85,294,2703,7453,4750,5529,16049,10520,,,,7967,14696,22663,3160209,5555118,8715327,8233,15271,23503
3/10/2021,1030,2377,3407,1634435,2872571,4507006,2106,7241,9347,1528701,2692080,4220781,0,0,0,209,85,294,2648,7093,4446,5316,14852,9536,,,,3136,9618,12754,3163345,5564736,8728081,7964,13983,21947
4/10/2021,2563,2858,5421,1636998,2875429,4512427,6087,6204,12291,1534788,2698284,4233072,0,0,0,209,85,294,2429,6664,4235,5170,13992,8822,,,,8650,9062,17712,3171995,5573798,8745793,7599,13057,20656
5/10/2021,2678,2478,5156,1639676,2877907,4517583,4670,4200,8870,1539458,2702484,4241942,0,0,0,209,85,294,2296,6390,4095,4891,13135,8244,,,,7348,6678,14026,3179343,5580476,8759819,7187,12338,19525
6/10/2021,2041,2299,4340,1641717,2880206,4521923,4271,3959,8230,1543729,2706443,4250172,0,0,0,209,85,294,2170,5898,3728,4539,12047,7508,,,,6312,6258,12570,3185655,5586734,8772389,6709,11236,17945
7/10/2021,2163,2538,4701,1643880,2882744,4526624,4490,4759,9249,1548219,2711202,4259421,0,0,0,209,85,294,1964,4871,2906,4223,10739,6516,,,,6653,7297,13950,3192308,5594031,8786339,6188,9422,15610
8/10/2021,1656,2773,4429,1645536,2885517,4531053,4810,6130,10940,1553029,2717332,4270361,0,0,0,209,85,294,2028,4723,2695,4620,10855,6235,,,,6466,8903,15369,3198774,5602934,8801708,6647,8930,15578
9/10/2021,26,0,26,1645562,2885517,4531079,43,0,43,1553072,2717332,4270404,0,0,0,209,85,294,1737,3926,2189,3782,8424,4642,,,,69,0,69,3198843,5602934,8801777,5519,6831,12350
10/10/2021,1108,3147,4255,1646670,2888664,4535334,3595,10658,14253,1556667,2727990,4284657,51,0,51,260,85,345,1748,4047,2299,3995,9125,5130,,,,4754,13805,18559,3203597,5616739,8820336,5750,7429,13179
11/10/2021,2491,2991,5482,1649161,2891655,4540816,5813,4149,9962,1562480,2732139,4294619,0,0,0,260,85,345,1738,4056,2318,3956,8792,4836,,,,8304,7140,15444,3211901,5623879,8835780,5701,7154,12855
12/10/2021,1480,1347,2827,1650641,2893002,4543643,3516,2169,5685,1565996,2734308,4300304,0,0,0,260,85,345,1566,3723,2156,3791,8337,4546,,,,4996,3516,8512,3216897,5627395,8844292,5365,6703,12068
13/10/2021,38,0,38,1650679,2893002,4543681,178,0,178,1566174,2734308,4300482,0,0,0,260,85,345,1280,3108,1828,3206,7187,3981,,,,216,0,216,3217113,5627395,8844508,4494,5809,10303
14/10/2021,792,2546,3338,1651471,2895548,4547019,2141,5889,8030,1568315,2740197,4308512,0,0,0,260,85,345,1084,2914,1829,2871,7013,4142,,,,2933,8435,11368,3220046,5635830,8855876,3963,5971,9934
15/10/2021,2142,3403,5545,1653613,2898951,4552564,6982,6966,13948,1575297,2747163,4322460,0,1,1,260,86,346,1154,3073,1919,3181,7443,4262,,,,9124,10370,19494,3229170,5646200,8875370,4342,6181,10523
16/10/2021,2301,3856,6157,1655914,2902807,4558721,4261,8094,12355,1579558,2755257,4334815,0,0,0,260,86,346,1479,3949,2470,3784,9202,5418,,,,6562,11950,18512,3235732,5658150,8893882,5270,7888,13158
17/10/2021,763,1826,2589,1656677,2904633,4561310,1444,4149,5593,1581002,2759406,4340408,0,0,0,260,86,346,1430,3711,2281,3476,7964,4488,,,,2207,5975,8182,3237939,5664125,8902064,4906,6769,11675
18/10/2021,2081,2560,4641,1658758,2907193,4565951,3753,3882,7635,1584755,2763288,4348043,0,9,9,260,95,355,1371,3591,2220,3182,7632,4450,,,,5834,6451,12285,3243773,5670576,8914349,4553,6671,11224
19/10/2021,1775,2256,4031,1660533,2909449,4569982,2569,2754,5323,1587324,2766042,4353366,1,13,14,261,108,369,1413,3763,2350,3047,7580,4533,,,,4345,5023,9368,3248118,5675599,8923717,4460,6886,11346
20/10/2021,1570,1901,3471,1662103,2911350,4573453,1458,3215,4673,1588782,2769257,4358039,1,11,12,262,119,381,1632,4253,2621,3230,8222,4993,,,,3029,5127,8156,3251147,5680726,8931873,4862,7619,12481
21/10/2021,2062,2028,4090,1664165,2913378,4577543,3320,4076,7396,1592102,2773333,4365435,0,14,14,262,133,395,1813,4361,2547,3398,8132,4734,,,,5382,6118,11500,3256529,5686844,8943373,5212,7288,12500
22/10/2021,2410,3210,5620,1666575,2916588,4583163,4177,5217,9394,1596279,2778550,4374829,0,3,3,262,136,398,1852,4371,2520,2997,7481,4484,,,,6587,8430,15017,3263116,5695274,8958390,4849,7011,11860
23/10/2021,1475,3051,4526,1668050,2919639,4587689,3787,5780,9567,1600066,2784330,4384396,0,7,7,262,143,405,1734,4138,2405,2930,7083,4153,,,,5262,8838,14100,3268378,5704112,8972490,4664,6566,11230
24/10/2021,692,1764,2456,1668742,2921403,4590145,1574,2900,4474,1601640,2787230,4388870,21,0,21,283,143,426,1724,4119,2396,2948,6923,3975,,,,2287,4664,6951,3270665,5708776,8979441,4675,6379,11054
25/10/2021,1782,2080,3862,1670524,2923483,4594007,3897,3118,7015,1605537,2790348,4395885,36,71,107,319,214,533,1681,4008,2327,2969,6835,3866,,,,5715,5269,10984,3276380,5714045,8990425,4658,6210,10868
26/10/2021,1521,1916,3437,1672045,2925399,4597444,3732,2441,6173,1609269,2792789,4402058,5,24,29,324,238,562,1645,3923,2279,3135,6956,3821,,,,5258,4381,9639,3281638,5718426,9000064,4789,6118,10907
27/10/2021,1705,1895,3600,1673750,2927294,4601044,2528,2440,4968,1611797,2795229,4407026,0,19,19,324,257,581,1664,3942,2278,3288,6998,3710,,,,4233,4354,8587,3285871,5722780,9008651,4961,6008,10968
28/10/2021,1698,2202,3900,1675448,2929496,4604944,3118,2777,5895,1614915,2798006,4412921,37,69,106,361,326,687,1612,3914,2303,3259,6784,3525,,,,4853,5048,9901,3290724,5727828,9018552,4885,5855,10740
29/10/2021,1860,3191,5051,1677308,2932687,4609995,2011,2854,4865,1616926,2800860,4417786,0,8,8,361,334,695,1533,3833,2300,2950,6137,3187,,,,3871,6053,9924,3294595,5733881,9028476,4497,5515,10012
30/10/2021,1931,2991,4922,1679239,2935678,4614917,2676,1455,4131,1619602,2802315,4421917,4,11,15,365,345,710,1598,3890,2291,2791,5360,2569,,,,4611,4457,9068,3299206,5738338,9037544,4404,4889,9293
31/10/2021,805,1942,2747,1680044,2937620,4617664,1288,2265,3553,1620890,2804580,4425470,1,0,1,366,345,711,1615,3931,2317,2750,5229,2479,,,,2094,4207,6301,3301300,5742545,9043845,4376,4824,9201
1/11/2021,1753,2137,3890,1681797,2939757,4621554,2357,2149,4506,1623247,2806729,4429976,0,22,22,366,367,733,1610,3935,2325,2530,4870,2340,,,,4110,4308,8418,3305410,5746853,9052263,4147,4687,8834
2/11/2021,1692,2256,3948,1683489,2942013,4625502,2212,1368,3580,1625459,2808097,4433556,0,17,17,366,384,750,1635,4008,2373,2313,4500,2187,,,,3904,3641,7545,3309314,5750494,9059808,3954,4581,8535
3/11/2021,996,402,1398,1684485,2942415,4626900,1364,37,1401,1626823,2808134,4434957,0,0,0,366,384,750,1534,3694,2160,2147,3990,1844,,,,2360,439,2799,3311674,5750933,9062607,3686,4022,7708
4/11/2021,1742,2761,4503,1686227,2945176,4631403,2525,1496,4021,1629348,2809630,4438978,0,21,21,366,405,771,1540,3780,2240,2062,3722,1661,,,,4267,4278,8545,3315941,5755211,9071152,3602,3912,7514
5/11/2021,1822,3292,5114,1688049,2948468,4636517,2114,2445,4559,1631462,2812075,4443537,1,9,10,367,414,781,1534,3789,2254,2077,3679,1602,,,,3937,5746,9683,3319878,5760957,9080835,3612,3868,7480
6/11/2021,1727,3951,5678,1689776,2952419,4642195,887,4029,4916,1632349,2816104,4448453,0,3,3,367,417,784,1505,3897,2392,1821,3791,1970,,,,2614,7983,10597,3322492,5768940,9091432,3327,4372,7698
7/11/2021,882,2363,3245,1690658,2954782,4645440,1118,1958,3076,1633467,2818062,4451529,0,0,0,367,417,784,1516,3968,2452,1797,3723,1926,,,,2000,4321,6321,3324492,5773261,9097753,3313,4388,7701
8/11/2021,1815,2292,4107,1692473,2957074,4649547,2347,2037,4384,1635814,2820099,4455913,0,19,19,367,436,803,1525,3999,2474,1795,3705,1910,,,,4162,4348,8510,3328654,5777609,9106263,3321,4394,7714
9/11/2021,1596,2251,3847,1694069,2959325,4653394,1574,1732,3306,1637388,2821831,4459219,0,17,17,367,453,820,1511,3985,2473,1704,3666,1962,,,,3170,4000,7170,3331824,5781609,9113433,3216,4445,7661
10/11/2021,945,353,1298,1695014,2959678,4654692,321,305,626,1637709,2822136,4459845,0,0,0,367,453,820,1504,3970,2466,1555,3555,2000,,,,1266,658,1924,3333090,5782267,9115357,3059,4476,7536
11/11/2021,1609,2539,4148,1696623,2962217,4658840,803,2524,3327,1638512,2824660,4463172,6382,10489,16871,6749,10942,17691,1485,3920,2434,1309,3456,2147,,,,8794,15552,24346,3341884,5797819,9139703,3706,6087,9793
12/11/2021,1990,3503,5493,1698613,2965720,4664333,1930,2354,4284,1640442,2827014,4467456,4411,5686,10097,11160,16628,27788,1509,3974,2465,1283,3417,2134,,,,8331,11543,19874,3350215,5809362,9159577,4334,6915,11249
13/11/2021,1674,4007,5681,1700287,2969727,4670014,2312,3143,5455,1642754,2830157,4472911,3810,5917,9727,14970,22545,37515,1502,3974,2473,1486,3494,2008,,,,7796,13067,20863,3358011,5822429,9180440,5074,7641,12715
14/11/2021,879,2452,3331,1701166,2972179,4673345,903,1760,2663,1643657,2831917,4475574,2323,3491,5814,17293,26036,43329,1501,3986,2485,1456,3435,1979,,,,4105,7703,11808,3362116,5830132,9192248,5375,8124,13499
15/11/2021,1897,2353,4250,1703063,2974532,4677595,1855,1850,3705,1645512,2833767,4479279,3309,3819,7128,20602,29855,50457,1513,4007,2494,1385,3338,1953,,,,7061,8022,15083,3369177,5838154,9207331,5789,8649,14438
16/11/2021,1909,2369,4278,1704972,2976901,4681873,1707,1749,3456,1647219,2835516,4482735,2919,3288,6207,23521,33143,56664,1558,4068,2511,1404,3359,1955,,,,6535,7406,13941,3375712,5845560,9221272,6270,9136,15406
17/11/2021,1019,387,1406,1705991,2977288,4683279,989,345,1334,1648208,2835861,4484069,1125,276,1401,24646,33419,58065,1568,4084,2516,1500,3461,1961,3468,8178,4709,3133,1008,4141,3378845,5846568,9225413,6536,9186,15722
18/11/2021,2072,3355,5427,1708063,2980643,4688706,2269,2428,4697,1650477,2838289,4488766,3070,3491,6561,27716,36910,64626,1634,4267,2632,1709,3656,1947,2995,6705,3710,7411,9274,16685,3386256,5855842,9242098,6339,8289,14628
19/11/2021,2155,3693,5848,1710218,2984336,4694554,2208,2489,4697,1652685,2840778,4493463,2944,3160,6104,30660,40070,70730,1658,4317,2659,1749,3715,1966,2786,6135,3349,7307,9342,16649,3393563,5865184,9258747,6193,7975,14167
20/11/2021,2087,4496,6583,1712305,2988832,4701137,1748,3130,4878,1654433,2843908,4498341,2660,3523,6183,33320,43593,76913,1717,4446,2729,1668,3633,1964,2621,5628,3007,6495,11149,17644,3400058,5876333,9276391,6007,7701,13707
21/11/2021,1126,2599,3725,1713431,2991431,4704862,829,1979,2808,1655262,2845887,4501149,1867,2343,4210,35187,45936,81123,1752,4502,2750,1658,3654,1996,2556,5399,2843,3822,6921,10743,3403880,5883254,9287134,5966,7589,13555
22/11/2021,1986,2492,4478,1715417,2993923,4709340,1756,1950,3706,1657018,2847837,4504855,3032,3239,6271,38219,49175,87394,1765,4535,2770,1644,3654,2010,2517,5277,2760,6774,7681,14455,3410654,5890935,9301589,5925,7540,13465
23/11/2021,1839,2262,4101,1717256,2996185,4713441,1584,1951,3535,1658602,2849788,4508390,5525,3932,9457,43744,53107,96851,1755,4510,2755,1626,3665,2039,2889,5741,2852,8948,8145,17093,3419602,5899080,9318682,6270,7646,13916
24/11/2021,1165,404,1569,1718421,2996589,4715010,996,309,1305,1659598,2850097,4509695,2272,368,2640,46016,53475,99491,1776,4533,2757,1627,3661,2034,3053,5918,2865,4433,1081,5514,3424035,5900161,9324196,6456,7656,14112
25/11/2021,2332,3403,5735,1720753,2999992,4720745,1998,2229,4227,1661596,2852326,4513922,7006,4921,11927,53022,58396,111418,1813,4577,2764,1588,3594,2005,3615,6685,3069,11336,10553,21889,3435371,5910714,9346085,7016,7839,14855
26/11/2021,2498,4246,6744,1723251,3004238,4727489,1861,2520,4381,1663457,2854846,4518303,6561,4549,11110,59583,62945,122528,1862,4705,2843,1539,3549,2010,4132,7400,3268,10920,11315,22235,3446291,5922029,9368320,7533,8121,15653
27/11/2021,2692,5658,8350,1725943,3009896,4735839,1980,3366,5346,1665437,2858212,4523649,7574,5402,12976,67157,68347,135504,1948,4957,3009,1572,3615,2043,4834,8370,3536,12246,14426,26672,3458537,5936455,9394992,8354,8589,16943
28/11/2021,1691,3983,5674,1727634,3013879,4741513,1001,2197,3198,1666438,2860409,4526847,6709,4096,10805,73866,72443,146309,2029,5236,3207,1597,3671,2075,5526,9312,3787,9401,10276,19677,3467938,5946731,9414669,9151,9068,18219
29/11/2021,3418,3734,7152,1731052,3017613,4748665,1795,2133,3928,1668233,2862542,4530775,6426,4270,10696,80292,76713,157005,2234,5618,3384,1602,3703,2101,6010,9944,3934,11639,10137,21776,3479577,5956868,9436445,9846,9419,19265
30/11/2021,3401,4092,7493,1734453,3021705,4756158,1695,2044,3739,1669928,2864586,4534514,5788,4257,10045,86080,80970,167050,2457,6102,3646,1618,3732,2114,6048,10028,3980,10884,10393,21277,3490461,5967261,9457722,10123,9740,19863
1/12/2021,1588,481,2069,1736041,3022186,4758227,1022,316,1338,1670950,2864902,4535852,2132,396,2528,88212,81366,169578,2517,6174,3657,1622,3737,2115,6028,10012,3984,4742,1193,5935,3495203,5968454,9463657,10167,9756,19923
2/12/2021,2801,2317,5118,1738842,3024503,4763345,1779,2054,3833,1672729,2866956,4539685,5776,4557,10333,93988,85923,179911,2584,6086,3502,1590,3680,2090,5852,9785,3932,10356,8928,19284,3505559,5977382,9482941,10027,9524,19551
3/12/2021,3670,2917,6587,1742512,3027420,4769932,1729,2834,4563,1674458,2869790,4544248,5331,4033,9364,99319,89956,189275,2752,6063,3312,1572,3706,2135,5677,9535,3859,10730,9784,20514,3516289,5987166,9503455,10000,9305,19305
4/12/2021,3085,3347,6432,1745597,3030767,4776364,1777,3370,5147,1676235,2873160,4549395,5603,4698,10301,104922,94654,199576,2808,5789,2982,1543,3678,2135,5395,9153,3758,10465,11415,21880,3526754,5998581,9525335,9745,8875,18620
5/12/2021,1625,2314,3939,1747222,3033081,4780303,1045,2158,3203,1677280,2875318,4552598,4680,3427,8107,109602,98081,207683,2798,5541,2743,1549,3679,2130,5105,8768,3663,7350,7899,15249,3534104,6006480,9540584,9452,8536,17988
6/12/2021,2635,2182,4817,1749857,3035263,4785120,1746,2104,3850,1679026,2877422,4556448,4661,3616,8277,114263,101697,215960,2686,5208,2521,1542,3668,2126,4853,8422,3569,9042,7902,16944,3543146,6014382,9557528,9081,8216,17298
7/12/2021,2569,2070,4639,1752426,3037333,4789759,1611,1834,3445,1680637,2879256,4559893,4538,3576,8114,118801,105273,224074,2568,4800,2233,1530,3626,2096,4674,8146,3472,8718,7480,16198,3551864,6021862,9573726,8772,7800,16572
8/12/2021,1675,431,2106,1754101,3037764,4791865,978,330,1308,1681615,2879586,4561201,1912,404,2316,120713,105677,226390,2580,4805,2225,1524,3621,2098,4643,8116,3473,4565,1165,5730,3556429,6023027,9579456,8747,7796,16543
9/12/2021,2546,2135,4681,1756647,3039899,4796546,1543,2684,4227,1683158,2882270,4565428,4823,4034,8857,125536,109711,235247,2544,4743,2199,1490,3678,2188,4507,7905,3398,8912,8853,17765,3565341,6031880,9597221,8540,7785,16326
10/12/2021,2736,2453,5189,1759383,3042352,4801735,1908,2964,4872,1685066,2885234,4570300,4131,3703,7834,129667,113414,243081,2410,4543,2133,1515,3722,2206,4335,7687,3351,8775,9120,17895,3574116,6041000,9615116,8261,7691,15952
11/12/2021,2512,2627,5139,1761895,3044979,4806874,1764,3930,5694,1686830,2889164,4575994,4497,4037,8534,134164,117451,251615,2328,4359,2030,1514,3800,2286,4177,7434,3257,8773,10594,19367,3582889,6051594,9634483,8019,7573,15593
12/12/2021,1231,1782,3013,1763126,3046761,4809887,972,2455,3427,1687802,2891619,4579421,3615,3304,6919,137779,120755,258534,2272,4226,1954,1503,3832,2329,4025,7264,3239,5818,7541,13359,3588707,6059135,9647842,7800,7522,15323
13/12/2021,2146,1788,3934,1765272,3048549,4813821,1765,2202,3967,1689567,2893821,4583388,4396,3611,8007,142175,124366,266541,2202,4100,1898,1506,3849,2343,3987,7226,3238,8307,7601,15908,3597014,6066736,9663750,7695,7479,15175
14/12/2021,1976,1607,3583,1767248,3050156,4817404,1733,1833,3566,1691300,2895654,4586954,4000,3387,7387,146175,127753,273928,2117,3949,1832,1523,3866,2343,3911,7122,3211,7709,6827,14536,3604723,6073563,9678286,7551,7386,14937
15/12/2021,1362,401,1763,1768610,3050557,4819167,1018,342,1360,1692318,2895996,4588314,1806,543,2349,147981,128296,276277,2073,3900,1828,1529,3873,2344,3895,7127,3231,4186,1286,5472,3608909,6074849,9683758,7497,7403,14900
16/12/2021,2187,2092,4279,1770797,3052649,4823446,1970,2690,4660,1694288,2898686,4592974,4940,4351,9291,152921,132647,285568,2021,3843,1821,1590,3935,2345,3912,7189,3277,9097,9133,18230,3618006,6083982,9701988,7524,7443,14967
17/12/2021,2195,2121,4316,1772992,3054770,4827762,2014,3160,5174,1696302,2901846,4598148,4108,3743,7851,157029,136390,293419,1944,3718,1774,1605,3978,2373,3909,7191,3282,8317,9024,17341,3626323,6093006,9719329,7458,7429,14888
18/12/2021,1838,2268,4106,1774830,3057038,4831868,1976,4430,6406,1698278,2906276,4604554,4115,3954,8069,161144,140344,301488,1848,3571,1723,1635,4080,2445,3854,7125,3270,7929,10652,18581,3634252,6103658,9737910,7338,7438,14775
19/12/2021,969,1577,2546,1775799,3058615,4834414,1249,3341,4590,1699527,2909617,4609144,3335,3300,6635,164479,143644,308123,1810,3504,1693,1675,4246,2571,3814,7084,3270,5553,8218,13771,3639805,6111876,9751681,7300,7534,14834
20/12/2021,1703,1552,3255,1777502,3060167,4837669,1863,3011,4874,1701390,2912628,4614018,3614,3376,6990,168093,147020,315113,1747,3407,1660,1689,4376,2687,3703,6939,3236,7180,7939,15119,3646985,6119815,9766800,7139,7583,14721
21/12/2021,1455,1445,2900,1778957,3061612,4840569,1331,2705,4036,1702721,2915333,4618054,2721,2840,5561,170814,149860,320674,1673,3309,1637,1632,4443,2811,3520,6678,3158,5507,6990,12497,3652492,6126805,9779297,6824,7606,14430
22/12/2021,1376,459,1835,1780333,3062071,4842404,1235,499,1734,1703956,2915832,4619788,1638,542,2180,172452,150402,322854,1675,3320,1645,1663,4496,2834,3496,6654,3158,4249,1500,5749,3656741,6128305,9785046,6833,7637,14470
23/12/2021,2440,2530,4970,1782773,3064601,4847374,2234,2852,5086,1706190,2918684,4624874,4347,4231,8578,176799,154633,331432,1711,3418,1707,1700,4557,2857,3411,6552,3141,9021,9613,18634,3665762,6137918,9803680,6822,7705,14527
24/12/2021,1953,2079,4032,1784726,3066680,4851406,1995,2309,4304,1708185,2920993,4629178,3137,3890,7027,179936,158523,338459,1676,3378,1701,1698,4433,2735,3272,6434,3162,7085,8278,15363,3672847,6146196,9819043,6646,7599,14245
25/12/2021,1071,1813,2884,1785797,3068493,4854290,1461,2219,3680,1709646,2923212,4632858,2809,3741,6550,182745,162264,345009,1567,3203,1636,1624,4043,2419,3086,6217,3131,5341,7773,13114,3678188,6153969,9832157,6277,7187,13464
26/12/2021,780,1584,2364,1786577,3070077,4856654,1528,2246,3774,1711174,2925458,4636632,2399,3338,5737,185144,165602,350746,1540,3177,1637,1664,3927,2263,2952,6089,3137,4707,7168,11875,3682895,6161137,9844032,6156,7037,13193
27/12/2021,695,1380,2075,1787272,3071457,4858729,1634,2559,4193,1712808,2928017,4640825,1939,3440,5379,187083,169042,356125,1396,3009,1613,1631,3830,2198,2713,5859,3146,4268,7379,11647,3687163,6168516,9855679,5740,6957,12697
28/12/2021,2000,2545,4545,1789272,3074002,4863274,4319,3830,8149,1717127,2931847,4648974,4230,6126,10356,191313,175168,366481,1474,3244,1770,2058,4417,2359,2928,6544,3615,10549,12501,23050,3697712,6181017,9878729,6460,7745,14205
29/12/2021,1641,731,2372,1790913,3074733,4865646,2077,753,2830,1719204,2932600,4651804,2003,1027,3030,193316,176195,369511,1511,3320,1809,2178,4574,2395,2981,6665,3685,5721,2511,8232,3703433,6183528,9886961,6670,7889,14559
30/12/2021,2807,2818,5625,1793720,3077551,4871271,3170,2061,5231,1722374,2934661,4657035,5248,4349,9597,198564,180544,379108,1564,3414,1850,2312,4594,2282,3109,6811,3702,11225,9228,20453,3714658,6192756,9907414,6985,7834,14819
31/12/2021,2659,2572,5231,1796379,3080123,4876502,3285,1705,4990,1725659,2936366,4662025,4253,3730,7983,202817,184274,387091,1665,3585,1920,2496,4692,2196,3269,6947,3679,10197,8007,18204,3724855,6200763,9925618,7430,7795,15225
1/1/2022,2944,4195,7139,1799323,3084318,4883641,1602,1584,3186,1727261,2937950,4665211,2287,5726,8013,205104,190000,395104,1932,4193,2261,2516,4622,2105,3194,7156,3962,6833,11505,18338,3731688,6212268,9943956,7643,8328,15971
2/1/2022,3434,4134,7568,1802757,3088452,4891209,1682,1961,3643,1728943,2939911,4668854,2983,7712,10695,208087,197712,405799,2311,4936,2625,2538,4603,2065,3278,7865,4587,8099,13807,21906,3739787,6226075,9965862,8127,9277,17404
3/1/2022,11143,6791,17934,1813900,3095243,4909143,3061,2253,5314,1732004,2942164,4674168,5788,9805,15593,213875,207517,421392,3804,7202,3398,2742,4763,2021,3827,9324,5496,19992,18849,38841,3759779,6244924,10004703,10374,10915,21289
4/1/2022,11055,7133,18188,1824955,3102376,4927331,2594,1729,4323,1734598,2943893,4678491,6232,10360,16592,220107,217877,437984,5098,9151,4053,2496,4217,1721,4113,10215,6101,19881,19222,39103,3779660,6264146,10043806,11707,11876,23582
5/1/2022,10605,7659,18264,1835560,3110035,4945595,1837,785,2622,1736435,2944678,4681113,6458,11295,17753,226565,229172,455737,6378,11421,5043,2462,4187,1725,4750,12318,7568,18900,19739,38639,3798560,6283885,10082445,13590,14337,27926
6/1/2022,11312,6927,18239,1846872,3116962,4963834,2667,1976,4643,1739102,2946654,4685756,7579,11074,18653,234144,240246,474390,7593,13223,5630,2390,4103,1713,5083,13612,8529,21558,19977,41535,3820118,6303862,10123980,15066,15872,30938
7/1/2022,13308,7554,20862,1860180,3124516,4984696,2971,2252,5223,1742073,2948906,4690979,7757,11288,19045,241901,251534,493435,9114,15456,6342,2345,4136,1791,5583,15192,9609,24036,21094,45130,3844154,6324956,10169110,17043,17742,34785
8/1/2022,10113,6301,16414,1870293,3130817,5001110,2970,2396,5366,1745043,2951302,4696345,5631,9277,14908,247532,260811,508343,10139,16781,6643,2540,4448,1907,6061,16177,10116,18714,17974,36688,3862868,6342930,10205798,18740,18666,37406
9/1/2022,5000,5971,10971,1875293,3136788,5012081,1384,1545,2929,1746427,2952847,4699274,4361,9829,14190,251893,270640,522533,10362,17267,6905,2498,4346,1848,6258,16676,10418,10745,17345,28090,3873613,6360275,10233888,19118,19171,38289
10/1/2022,12865,7007,19872,1888158,3143795,5031953,2210,1624,3834,1748637,2954471,4703108,8817,12628,21445,260710,283268,543978,10608,17544,6936,2376,4134,1758,6691,17512,10822,23892,21259,45151,3897505,6381534,10279039,19675,19516,39191
11/1/2022,12147,6989,19136,1900305,3150784,5051089,2133,1365,3498,1750770,2955836,4706606,8533,12299,20832,269243,295567,564810,10764,17680,6915,2310,4016,1706,7019,18118,11099,22813,20653,43466,3920318,6402187,10322505,20094,19720,39814
12/1/2022,11240,6866,18106,1911545,3157650,5069195,1452,785,2237,1752222,2956621,4708843,7938,12267,20205,277181,307834,585015,10855,17657,6802,2255,3961,1706,7231,18468,11237,20630,19918,40548,3940948,6422105,10363053,20341,19746,40087
13/1/2022,10931,6952,17883,1922476,3164602,5087078,2190,1939,4129,1754412,2958560,4712972,8234,13055,21289,285415,320889,606304,10801,17606,6806,2187,3888,1701,7324,18845,11520,21355,21946,43301,3962303,6444051,10406354,20312,20027,40339
14/1/2022,11325,8684,20009,1933801,3173286,5107087,2334,2019,4353,1756746,2960579,4717325,7286,13044,20330,292701,333933,626634,10517,17484,6967,2096,3764,1668,7257,19028,11771,20945,23747,44692,3983248,6467798,10451046,19871,20406,40277
15/1/2022,8804,7243,16047,1942605,3180529,5123134,2060,2144,4204,1758806,2962723,4721529,5349,9940,15289,298050,343873,641923,10330,17432,7102,1966,3598,1632,7217,19083,11866,16213,19327,35540,3999461,6487125,10486586,19513,20599,40113
16/1/2022,3989,6094,10083,1946594,3186623,5133217,1079,1598,2677,1759885,2964321,4724206,4105,10358,14463,302155,354231,656386,10186,17305,7119,1923,3562,1639,7180,19122,11942,9173,18050,27223,4008634,6505175,10513809,19289,20700,39989
17/1/2022,9784,7532,17316,1956378,3194155,5150533,1737,1178,2915,1761622,2965499,4727121,7784,12803,20587,309939,367034,676973,9746,16940,7194,1855,3430,1575,7033,18999,11967,19305,21513,40818,4027939,6526688,10554627,18633,20736,39370
18/1/2022,9120,6613,15733,1965498,3200768,5166266,1578,1586,3164,1763200,2967085,4730285,7373,12483,19856,317312,379517,696829,9313,16454,7141,1776,3383,1607,6867,18860,11993,18071,20682,38753,4046010,6547370,10593380,17956,20740,38696
19/1/2022,8991,6561,15552,1974489,3207329,5181818,1210,830,2040,1764410,2967915,4732325,7352,12424,19776,324664,391941,716605,8992,16089,7097,1741,3355,1613,6783,18799,12015,17553,19815,37368,4063563,6567185,10630748,17516,20726,38242
20/1/2022,8841,6595,15436,1983330,3213924,5197254,2050,1948,3998,1766460,2969863,4736323,7785,12765,20550,332449,404706,737155,8693,15739,7046,1721,3336,1615,6719,18693,11974,18676,21308,39984,4082239,6588493,10670732,17134,20635,37768
21/1/2022,11386,9869,21255,1994716,3223793,5218509,2143,2410,4553,1768603,2972273,4740876,7795,14454,22249,340244,419160,759404,8702,15917,7215,1694,3364,1671,6792,18967,12175,21324,26733,48057,4103563,6615226,10718789,17188,21061,38249
22/1/2022,8864,7852,16716,2003580,3231645,5235225,1732,3783,5515,1770335,2976056,4746391,5546,11476,17022,345790,430636,776426,8711,16013,7302,1647,3552,1905,6820,19215,12395,16142,23111,39253,4119705,6638337,10758042,17178,21602,38779
23/1/2022,3843,6973,10816,2007423,3238618,5246041,1127,3667,4794,1771462,2979723,4751185,4283,12086,16369,350073,442722,792795,8690,16118,7428,1654,3854,2200,6845,19487,12642,9253,22726,31979,4128958,6661063,10790021,17189,22270,39459
24/1/2022,10378,8745,19123,2017801,3247363,5265164,841,5123,5964,1772303,2984846,4757149,8773,13906,22679,358846,456628,815474,8775,16376,7601,1526,4290,2764,6987,19786,12799,19992,27774,47766,4148950,6688837,10837787,17287,23164,40451
25/1/2022,9740,8664,18404,2027541,3256027,5283568,1571,5537,7108,1773874,2990383,4764257,7741,13481,21222,366587,470109,836696,8863,16757,7894,1525,4853,3328,7039,19981,12942,19052,27682,46734,4168002,6716519,10884521,17427,24164,41592
26/1/2022,8839,8029,16868,2036380,3264056,5300436,1349,5839,7188,1775223,2996222,4771445,7010,16410,23420,373597,486519,860116,8842,16945,8104,1545,5589,4044,6990,20502,13511,17198,30278,47476,4185200,6746797,10931997,17377,25659,43036
27/1/2022,8327,6786,15113,2044707,3270842,5315549,2203,5859,8062,1777426,3002081,4779507,7141,19117,26258,380738,505636,886374,8768,16899,8131,1567,6169,4603,6898,21317,14419,17671,31762,49433,4202871,6778559,10981430,17233,27152,44385
28/1/2022,9856,7757,17613,2054563,3278599,5333162,2665,7683,10348,1780091,3009764,4789855,7092,17919,25011,387830,523555,911385,8550,16379,7829,1641,6997,5356,6798,21712,14914,19613,33359,52972,4222484,6811918,11034402,16989,28099,45088
29/1/2022,7526,6649,14175,2062089,3285248,5347337,2962,6625,9587,1783053,3016389,4799442,4883,15770,20653,392713,539325,932038,8358,16016,7658,1817,7579,5762,6703,22230,15527,15371,29044,44415,4237855,6840962,11078817,16879,28946,45825
30/1/2022,3544,6036,9580,2065633,3291284,5356917,2738,4828,7566,1785791,3021217,4807008,3004,16192,19196,395717,555517,951234,8316,15839,7524,2047,7975,5928,6521,22634,16114,9286,27056,36342,4247141,6868018,11115159,16883,29565,46448
31/1/2022,3611,353,3964,2069244,3291637,5360881,3595,51,3646,1789386,3021268,4810654,2067,755,2822,397784,556272,954056,7349,13674,6325,2440,7644,5203,5563,19797,14235,9273,1159,10432,4256414,6869177,11125591,15352,25763,41115
1/2/2022,21,8,29,2069265,3291645,5360910,41,0,41,1789427,3021268,4810695,7,8,15,397791,556280,954071,5961,11049,5088,2222,6634,4412,4458,16768,12310,69,16,85,4256483,6869193,11125676,12640,21811,34451
2/2/2022,104,0,104,2069369,3291645,5361014,157,0,157,1789584,3021268,4810852,56,0,56,397847,556280,954127,4713,8654,3941,2052,5630,3578,3464,13430,9966,317,0,317,4256800,6869193,11125993,10229,17485,27714
3/2/2022,3506,5083,8589,2072875,3296728,5369603,599,1004,1603,1790183,3022272,4812455,2947,12651,15598,400794,568931,969725,4024,7722,3698,1822,4707,2884,2865,11907,9042,7052,18738,25790,4263852,6887931,11151783,8712,15625,24336
4/2/2022,7853,7444,15297,2080728,3304172,5384900,9919,10171,20090,1800102,3032443,4832545,4512,16796,21308,405306,585727,991033,3738,7391,3653,2859,6099,3240,2497,11378,8882,22284,34411,56695,4286136,6922342,11208478,9093,15775,24868
5/2/2022,7343,6251,13594,2088071,3310423,5398494,8307,6894,15201,1808409,3039337,4847746,4905,15343,20248,410211,601070,1011281,3712,7308,3596,3622,6901,3278,2500,11320,8821,20555,28488,49043,4306691,6950830,11257521,9834,15695,25529
6/2/2022,3754,6269,10023,2091825,3316692,5408517,4722,6097,10819,1813131,3045434,4858565,3347,16407,19754,413558,617477,1031035,3742,7371,3630,3906,7365,3460,2549,11400,8851,11823,28773,40596,4318514,6979603,11298117,10196,15941,26137
7/2/2022,15033,7862,22895,2106858,3324554,5431412,12447,8698,21145,1825578,3054132,4879710,10107,19228,29335,423665,636705,1060370,5373,10076,4702,5170,9865,4695,3697,15188,11490,37587,35788,73375,4356101,7015391,11371492,14241,20888,35129
8/2/2022,18123,8517,26640,2124981,3333071,5458052,13602,7921,21523,1839180,3062053,4901233,10453,20065,30518,434118,656770,1090888,7959,13877,5918,7108,12934,5826,5190,19545,14356,42178,36503,78681,4398279,7051894,11450173,20257,26100,46357
9/2/2022,27084,10272,37356,2152065,3343343,5495408,11442,6772,18214,1850622,3068825,4919447,9291,19951,29242,443409,676721,1120130,11814,19199,7385,8720,15514,6794,6509,23715,17206,47817,36995,84812,4446096,7088889,11534985,27042,31385,58427
10/2/2022,28357,9766,38123,2180422,3353109,5533531,12230,7030,19260,1862852,3075855,4938707,10658,19811,30469,454067,696532,1150599,15364,23418,8054,10381,18036,7655,7610,25839,18229,51245,36607,87852,4497341,7125496,11622837,33356,33938,67293
11/2/2022,29072,10862,39934,2209494,3363971,5573465,13354,9445,22799,1876206,3085300,4961506,10478,20512,30990,464545,717044,1181589,18395,26938,8543,10872,18423,7551,8463,27222,18760,52904,40819,93723,4550245,7166315,11716560,37730,34853,72583
12/2/2022,20260,7961,28221,2229754,3371932,5601686,10155,8470,18625,1886361,3093770,4980131,7861,18730,26591,472406,735774,1208180,20240,29027,8787,11136,18912,7776,8885,28128,19243,38276,35161,73437,4588521,7201476,11789997,40261,35807,76068
13/2/2022,8680,7785,16465,2238434,3379717,5618151,4572,5860,10432,1890933,3099630,4990563,5168,18862,24030,477574,754636,1232210,20944,29948,9004,11115,18857,7742,9145,28739,19594,18420,32507,50927,4606941,7233983,11840924,41204,36340,77544
14/2/2022,28658,10683,39341,2267092,3390400,5657492,10375,6274,16649,1901308,3105904,5007212,12455,21184,33639,490029,775820,1265849,22891,32297,9407,10819,18215,7396,9481,29354,19874,51488,38141,89629,4658429,7272124,11930553,43190,36676,79866
15/2/2022,30158,10037,40195,2297250,3400437,5697687,10485,7327,17812,1911793,3113231,5025024,12628,20622,33250,502657,796442,1299099,24610,34234,9624,10373,17684,7311,9791,29744,19953,53271,37986,91257,4711700,7310110,12021810,44774,36888,81662
16/2/2022,30154,12517,42671,2327404,3412954,5740358,9992,7295,17287,1921785,3120526,5042311,13122,21482,34604,515779,817924,1333703,25048,34993,9944,10166,17552,7386,10339,30510,20172,53268,41294,94562,4764968,7351404,12116372,45553,37502,83055
17/2/2022,30077,12227,42304,2357481,3425181,5782662,9565,6865,16430,1931350,3127391,5058741,12742,22413,35155,528521,840337,1368858,25294,35590,10296,9785,17148,7362,10636,31180,20544,52384,41505,93889,4817352,7392909,12210261,45716,38202,83918
18/2/2022,32321,12477,44798,2389802,3437658,5827460,11646,9138,20784,1942996,3136529,5079525,12242,24192,36434,540763,864529,1405292,25758,36285,10527,9541,16860,7318,10888,31958,21069,56209,45807,102016,4873561,7438716,12312277,46188,38914,85102
19/2/2022,22833,9904,32737,2412635,3447562,5860197,9604,8928,18532,1952600,3145457,5098057,8156,19762,27918,548919,884291,1433210,26126,36930,10804,9463,16847,7384,10930,32147,21217,40593,38594,79187,4914154,7477310,12391464,46519,39405,85924
20/2/2022,8789,11050,19839,2421424,3458612,5880036,4028,5978,10006,1956628,3151435,5108063,4899,18942,23841,553818,903233,1457051,26141,37412,11271,9385,16786,7401,10892,32120,21228,17716,35970,53686,4931870,7513280,12445150,46418,39900,86318
21/2/2022,23095,14330,37425,2444519,3472942,5917461,8933,3476,12409,1965561,3154911,5120472,10863,22320,33183,564681,925553,1490234,25347,37138,11792,9179,16180,7001,10665,32055,21390,42891,40126,83017,4974761,7553406,12528167,45190,40183,85373
22/2/2022,25778,15239,41017,2470297,3488181,5958478,8858,2571,11429,1974419,3157482,5131901,10442,20717,31159,575123,946270,1521393,24721,37256,12535,8947,15268,6322,10352,31756,21404,45078,38527,83605,5019839,7591933,12611772,44020,40260,84280
23/2/2022,27699,17769,45468,2497996,3505950,6003946,7902,2275,10177,1982321,3159757,5142078,10864,22902,33766,585987,969172,1555159,24370,37655,13285,8648,14252,5604,10030,31637,21607,46465,42946,89411,5066304,7634879,12701183,43048,40496,83544
24/2/2022,27135,15512,42647,2525131,3521462,6046593,8005,3561,11566,1990326,3163318,5153644,11752,25122,36874,597739,994294,1592033,23950,37704,13754,8425,13558,5132,9888,31882,21994,46892,44195,91087,5113196,7679074,12792270,42263,40881,83144
25/2/2022,26019,11691,37710,2551150,3533153,6084303,10026,5995,16021,2000352,3169313,5169665,12619,28129,40748,610358,1022423,1632781,23050,36692,13642,8194,12877,4683,9942,32498,22556,48664,45815,94479,5161860,7724889,12886749,41186,40882,82067
26/2/2022,18825,10413,29238,2569975,3543566,6113541,8915,7922,16837,2009267,3177235,5186502,8900,27158,36058,619258,1049581,1668839,22477,36192,13715,8095,12635,4540,10048,33661,23613,36640,45493,82133,5198500,7770382,12968882,40621,41867,82488
27/2/2022,9473,10375,19848,2579448,3553941,6133389,3801,5936,9737,2013068,3183171,5196239,5882,24479,30361,625140,1074060,1699200,22575,36193,13618,8063,12597,4534,10189,34593,24404,19156,40790,59946,5217656,7811172,13028828,40827,42556,83383
28/2/2022,20366,11580,31946,2599814,3565521,6165335,6064,5472,11536,2019132,3188643,5207775,13566,28821,42387,638706,1102881,1741587,22185,35411,13226,7653,12472,4819,10575,35908,25333,39996,45873,85869,5257652,7857045,13114697,40413,43377,83790
1/3/2022,18181,10035,28216,2617995,3575556,6193551,3315,5647,8962,2022447,3194290,5216737,12601,28521,41122,651307,1131402,1782709,21100,33582,12482,6861,12119,5258,10883,37331,26447,34097,44203,78300,5291749,7901248,13192997,38844,44188,83032
2/3/2022,16720,8730,25450,2634715,3584286,6219001,2490,6379,8869,2024937,3200669,5225606,12393,27862,40255,663700,1159264,1822964,19531,30722,11191,6088,11933,5845,11102,38258,27156,31603,42971,74574,5323352,7944219,13267571,36721,44191,80913
3/3/2022,16019,7896,23915,2650734,3592182,6242916,3251,7107,10358,2028188,3207776,5235964,12904,30908,43812,676604,1190172,1866776,17943,28046,10103,5409,11760,6351,11266,39249,27983,32174,45911,78085,5355526,7990130,13345656,34619,44437,79055
4/3/2022,15666,8366,24032,2666400,3600548,6266948,5591,8740,14331,2033779,3216516,5250295,12473,32421,44894,689077,1222593,1911670,16464,26092,9628,4775,11519,6743,11246,39841,28596,33730,49527,83257,5389256,8039657,13428913,32485,44967,77452
5/3/2022,13709,8558,22267,2680109,3609106,6289215,6496,8279,14775,2040275,3224795,5265070,12172,30691,42863,701249,1253284,1954533,15733,25096,9363,4430,11224,6794,11713,40813,29100,32377,47528,79905,5421633,8087185,13508818,31876,45258,77134
6/3/2022,8634,8414,17048,2688743,3617520,6306263,3570,6154,9724,2043845,3230949,5274794,7965,27457,35422,709214,1280741,1989955,15614,24696,9083,4397,11222,6825,12011,41536,29526,20169,42025,62194,5441802,8129210,13571012,32021,45434,77455
7/3/2022,13649,7630,21279,2702392,3625150,6327542,8871,7328,16199,2052716,3238277,5290993,16484,29056,45540,725698,1309797,2035495,14654,23172,8518,4798,11888,7091,12427,41987,29559,39004,44014,83018,5480806,8173224,13654030,31879,45168,77048
8/3/2022,12357,6957,19314,2714749,3632107,6346856,10490,6757,17247,2063206,3245034,5308240,13132,28462,41594,738830,1338259,2077089,13822,21901,8079,5823,13072,7249,12503,42054,29551,35979,42176,78155,5516785,8215400,13732185,32148,44879,77027
9/3/2022,10137,5543,15680,2724886,3637650,6362536,13727,6892,20619,2076933,3251926,5328859,10587,27316,37903,749417,1365575,2114992,12882,20505,7623,7428,14750,7322,12245,41718,29473,34451,39751,74202,5551236,8255151,13806387,32555,44419,76974
10/3/2022,9832,4805,14637,2734718,3642455,6377173,15472,7043,22515,2092405,3258969,5351374,11362,28294,39656,760779,1393869,2154648,11998,19180,7182,9174,16487,7313,12025,41125,29100,36666,40142,76808,5587902,8295293,13883195,33197,43595,76791
11/3/2022,8746,4400,13146,2743464,3646855,6390319,17322,8913,26235,2109727,3267882,5377609,12147,29180,41327,772926,1423049,2195975,11009,17624,6615,10850,18188,7338,11978,40615,28637,38215,42493,80708,5626117,8337786,13963903,33837,42590,76427
12/3/2022,6574,4899,11473,2750038,3651754,6401792,13126,8167,21293,2122853,3276049,5398902,9215,26546,35761,782141,1449595,2231736,9990,16082,6093,11797,19119,7322,11556,39600,28044,28915,39612,68527,5655032,8377398,14032430,33343,41459,74802
13/3/2022,3824,4556,8380,2753862,3656310,6410172,5906,6187,12093,2128759,3282236,5410995,6876,24173,31049,789017,1473768,2262785,9303,14844,5541,12131,19457,7327,11400,38976,27575,16606,34916,51522,5671638,8412314,14083952,32834,40443,73277
14/3/2022,6986,3924,10910,2760848,3660234,6421082,17369,7197,24566,2146128,3289433,5435561,10785,24513,35298,799802,1498281,2298083,8351,13363,5012,13345,20653,7308,10586,37513,26926,35140,35634,70774,5706778,8447948,14154726,32282,39246,71528
15/3/2022,6191,3884,10075,2767039,3664118,6431157,17917,7619,25536,2164045,3297052,5461097,9818,23220,33038,809620,1521501,2331121,7470,12043,4573,14406,21837,7431,10113,36290,26177,33926,34723,68649,5740704,8482671,14223375,31988,38182,70170
16/3/2022,5004,3336,8340,2772043,3667454,6439497,17398,8155,25553,2181443,3305207,5486650,9614,22331,31945,819234,1543832,2363066,6737,10994,4258,14930,22542,7612,9974,35439,25465,32016,33822,65838,5772720,8516493,14289213,31641,37335,68975
17/3/2022,4375,3273,7648,2776418,3670727,6447145,17759,8129,25888,2199202,3313336,5512538,9149,23843,32992,828383,1567675,2396058,5957,9996,4039,15257,23023,7767,9658,34487,24829,31283,35245,66528,5804003,8551738,14355741,30872,36635,67507
18/3/2022,4534,3025,7559,2780952,3673752,6454704,21618,9738,31356,2220820,3323074,5543894,9424,24189,33613,837807,1591864,2429671,5355,9198,3842,15870,23755,7885,9269,33385,24116,35576,36952,72528,5839579,8588690,14428269,30495,35843,66338
19/3/2022,3300,2723,6023,2784252,3676475,6460727,15088,9486,24574,2235908,3332560,5568468,7084,22927,30011,844891,1614791,2459682,4888,8419,3532,16151,24224,8073,8964,32564,23599,25472,35136,60608,5865051,8623826,14488877,30003,35204,65207
20/3/2022,1459,2595,4054,2785711,3679070,6464781,5874,7078,12952,2241782,3339638,5581420,4277,20493,24770,849168,1635284,2484452,4550,7801,3251,16146,24346,8200,8593,31667,23074,11610,30166,41776,5876661,8653992,14530653,29289,34525,63814
21/3/2022,3916,2659,6575,2789627,3681729,6471356,17347,7976,25323,2259129,3347614,5606743,10601,23630,34231,859769,1658914,2518683,4111,7182,3071,16143,24455,8312,8567,31514,22948,31864,34265,66129,5908525,8688257,14596782,28821,34330,63151
22/3/2022,4176,2731,6907,2793803,3684460,6478263,17106,7309,24415,2276235,3354923,5631158,9529,22732,32261,869298,1681646,2550944,3823,6729,2906,16027,24294,8267,8525,31403,22878,30811,32772,63583,5939336,8721029,14660365,28376,34051,62427
23/3/2022,3297,2433,5730,2797100,3686893,6483993,16641,6321,22962,2292876,3361244,5654120,7908,21729,29637,877206,1703375,2580581,3580,6357,2777,15919,23924,8005,8282,31074,22792,27846,30483,58329,5967182,8751512,14718694,27780,33574,61354
24/3/2022,3091,2102,5193,2800191,3688995,6489186,17438,6132,23570,2310314,3367376,5677690,7903,23571,31474,885109,1726946,2612055,3396,6006,2610,15873,23593,7720,8104,30857,22753,28432,31805,60237,5995614,8783317,14778931,27373,33083,60456
25/3/2022,3409,2381,5790,2803600,3691376,6494976,19984,7220,27204,2330298,3374596,5704894,8347,25841,34188,893456,1752787,2646243,3235,5753,2518,15640,23000,7360,7950,30939,22989,31740,35442,67182,6027354,8818759,14846113,26825,32867,59692
26/3/2022,2402,2354,4756,2806002,3693730,6499732,14983,7110,22093,2345281,3381706,5726987,6848,24569,31417,900304,1777356,2677660,3107,5572,2465,15625,22646,7021,7916,31140,23224,24233,34033,58266,6051587,8852792,14904379,26648,32709,59357
27/3/2022,1205,1688,2893,2807207,3695418,6502625,7417,5122,12539,2352698,3386828,5739526,4541,19722,24263,904845,1797078,2701923,3071,5406,2335,15845,22587,6741,7954,31067,23113,13163,26532,39695,6064750,8879324,14944074,26870,32190,59060
28/3/2022,2752,1694,4446,2809959,3697112,6507071,16330,5166,21496,2369028,3391994,5761022,7495,18363,25858,912340,1815441,2727781,2905,5102,2198,15700,22040,6340,7510,29871,22361,26577,25223,51800,6091327,8904547,14995874,26115,30899,57013
29/3/2022,2718,1477,4195,2812677,3698589,6511266,14601,4828,19429,2383629,3396822,5780451,6561,15239,21800,918901,1830680,2749581,2696,4715,2018,15342,21328,5986,7086,28377,21291,23880,21544,45424,6115207,8926091,15041298,25124,29295,54419
30/3/2022,2565,1366,3931,2815242,3699955,6515197,14488,4210,18698,2398117,3401032,5799149,6480,13429,19909,925381,1844109,2769490,2592,4458,1866,15034,20718,5684,6882,26987,20105,23533,19005,42538,6138740,8945096,15083836,24508,27655,52163
31/3/2022,2874,1413,4287,2818116,3701368,6519484,13753,4032,17785,2411870,3405064,5816934,6277,15700,21977,931658,1859809,2791467,2561,4328,1768,14508,19892,5384,6650,25630,18980,22904,21145,44049,6161644,8966241,15127885,23719,26132,49851
,,,,,,,,,,,,,,,,,,,,,,,,,,,,,,,,,,,,