As of date,As of time,Number of confirmed cases,Number of ruled out cases,Number of cases still hospitalised for investigation,Number of cases fulfilling the reporting criteria,Number of death cases,Number of discharge cases,Number of probable cases,Number of hospitalised cases in critical condition,Number of cases tested positive for SARS-CoV-2 virus by nucleic acid tests,Number of cases tested positive for SARS-CoV-2 virus by rapid antigen tests
08/01/2020,12:00,0,21,17,38,0,0,0,,,
09/01/2020,12:00,0,25,23,48,0,0,0,,,
10/01/2020,12:00,0,31,23,54,0,0,0,,,
11/01/2020,12:00,0,46,15,61,0,0,0,,,
12/01/2020,12:00,0,51,16,67,0,0,0,,,
13/01/2020,12:00,0,56,12,68,0,0,0,,,
14/01/2020,12:00,0,60,11,71,0,0,0,,,
15/01/2020,12:00,0,66,10,76,0,0,0,,,
16/01/2020,12:00,0,71,7,78,0,0,0,,,
17/01/2020,12:00,0,75,6,81,0,0,0,,,
18/01/2020,12:00,0,76,14,90,0,0,0,,,
19/01/2020,12:00,0,80,19,99,0,0,0,,,
20/01/2020,12:00,0,81,25,106,0,0,0,,,
21/01/2020,12:00,0,88,30,118,0,0,0,,,
22/01/2020,12:00,0,97,38,135,0,0,0,,,
23/01/2020,12:00,2,109,65,176,0,0,0,,,
24/01/2020,12:00,5,122,117,244,0,0,0,,,
25/01/2020,12:00,5,163,137,305,0,0,0,,,
26/01/2020,12:00,8,219,155,382,0,0,0,,,
27/01/2020,12:00,8,276,167,451,0,0,0,,,
28/01/2020,12:00,8,332,189,529,0,0,0,,,
29/01/2020,12:00,10,416,159,585,0,0,0,,,
30/01/2020,23:59,12,478,191,680,0,0,0,,,
31/01/2020,12:00,13,550,203,766,0,0,0,,,
01/02/2020,23:59,14,634,188,835,0,0,0,,,
02/02/2020,12:00,15,699,168,882,0,0,0,,,
03/02/2020,12:00,15,744,159,918,0,0,0,,,
04/02/2020,23:59,18,808,157,982,1,0,0,,,
05/02/2020,12:00,21,868,154,1043,1,0,0,,,
06/02/2020,23:59,24,920,158,1100,1,0,0,,,
07/02/2020,23:59,26,975,158,1158,1,0,0,,,
08/02/2020,12:00,26,1035,141,1202,1,0,0,,,
09/02/2020,12:00,36,1066,129,1231,1,0,0,,,
10/02/2020,23:59,42,1089,143,1273,1,0,0,,,
11/02/2020,23:59,49,1123,154,1325,1,0,0,,,
12/02/2020,12:00,50,1164,170,1384,1,1,0,,,
13/02/2020,12:00,53,1222,161,1436,1,1,0,,,
14/02/2020,12:00,56,1274,142,1472,1,1,0,,,
15/02/2020,12:00,56,1312,149,1517,1,1,0,,,
16/02/2020,12:00,57,1341,136,1534,1,2,0,,,
17/02/2020,12:00,60,1366,123,1549,1,2,0,,,
18/02/2020,12:00,61,1384,133,1578,1,4,0,,,
19/02/2020,12:00,63,1417,129,1609,2,5,0,,,
20/02/2020,12:00,67,1448,113,1628,2,5,0,,,
21/02/2020,12:00,68,1472,111,1652,2,6,1,,,
22/02/2020,12:00,68,1494,108,1671,2,11,1,,,
23/02/2020,12:00,74,1510,119,1703,2,12,0,,,
24/02/2020,12:00,77,1538,116,1731,2,19,0,,,
25/02/2020,12:00,85,1566,112,1763,2,18,0,,,
26/02/2020,12:00,91,1601,128,1820,2,24,0,,,
27/02/2020,12:00,92,1663,134,1889,2,26,0,,,
28/02/2020,12:00,94,1718,124,1936,2,30,0,,,
29/02/2020,12:00,94,1770,120,1984,2,33,0,,,
01/03/2020,12:00,97,1805,129,2033,2,36,2,,,
02/03/2020,12:00,99,1853,135,2088,2,36,1,,,
03/03/2020,12:00,100,1898,136,2135,2,37,1,,,
04/03/2020,12:00,103,1940,134,2178,2,43,1,,,
05/03/2020,12:00,104,1979,127,2211,2,46,1,,,
06/03/2020,12:00,106,2011,131,2249,2,51,1,,,
07/03/2020,12:00,108,2055,117,2281,2,55,1,,,
08/03/2020,12:00,113,2079,113,2306,3,59,1,,,
09/03/2020,12:00,115,2096,134,2346,3,60,1,,,
10/03/2020,12:00,117,2132,136,2386,3,65,1,,,
11/03/2020,12:00,129,2156,146,2432,3,67,1,,,
12/03/2020,12:00,130,2190,155,2476,3,75,1,,,
13/03/2020,12:00,132,2234,156,2523,4,78,1,,,
14/03/2020,12:00,139,2288,153,2581,4,81,1,,,
15/03/2020,12:00,147,2330,167,2645,4,84,1,,,
16/03/2020,12:00,156,2395,174,2726,4,88,1,,,
17/03/2020,12:00,164,2451,270,2886,4,92,1,,,
18/03/2020,12:00,184,2636,238,3059,4,95,1,,,
19/03/2020,12:00,206,2752,362,3321,4,98,1,,,
20/03/2020,12:00,250,3046,291,3588,4,98,1,,,
21/03/2020,16:00,273,3248,311,3831,4,100,1,,,
22/03/2020,16:00,317,3327,464,4096,4,100,1,,,
23/03/2020,16:00,351,3647,310,4309,4,101,1,,,
24/03/2020,16:00,382,3881,293,4557,4,102,1,,,
25/03/2020,16:00,407,4054,301,4756,4,106,1,,,
26/03/2020,16:00,452,4251,262,4966,4,110,1,,,
27/03/2020,16:00,494,4573,224,5292,4,111,1,,,
28/03/2020,12:00,526,4834,233,5594,4,112,1,,,
29/03/2020,12:00,577,5023,197,5798,4,118,1,,,
30/03/2020,12:00,623,5181,184,5989,4,124,1,,,
31/03/2020,12:00,680,5393,197,6271,4,128,1,,,
01/04/2020,12:00,737,5564,149,6451,4,147,1,,,
02/04/2020,12:00,784,5671,141,6597,4,154,1,,,
03/04/2020,12:00,831,5757,133,6722,4,173,1,,,
04/04/2020,12:00,853,5883,151,6888,4,186,1,,,
05/04/2020,12:00,882,6057,132,7072,4,206,1,,,
06/04/2020,12:00,914,,,,4,216,1,12,,
07/04/2020,12:00,935,,,,4,236,1,14,,
08/04/2020,12:00,960,,,,4,264,1,14,,
09/04/2020,12:00,973,,,,4,293,1,14,,
10/04/2020,12:00,989,,,,4,309,1,15,,
11/04/2020,12:00,1000,,,,4,336,1,14,,
12/04/2020,12:00,1004,,,,4,360,1,13,,
13/04/2020,12:00,1009,,,,4,397,1,13,,
14/04/2020,12:00,1012,,,,4,434,1,13,,
15/04/2020,12:00,1016,,,,4,459,1,10,,
16/04/2020,12:00,1017,,,,4,485,1,9,,
17/04/2020,12:00,1021,,,,4,532,1,9,,
18/04/2020,12:00,1023,,,,4,568,1,9,,
19/04/2020,12:00,1025,,,,4,602,1,8,,
20/04/2020,12:00,1025,,,,4,630,1,8,,
21/04/2020,12:00,1029,,,,4,650,1,8,,
22/04/2020,12:00,1033,,,,4,678,1,8,,
23/04/2020,12:00,1035,,,,4,699,1,9,,
24/04/2020,12:00,1035,,,,4,725,1,7,,
25/04/2020,12:00,1037,,,,4,753,1,4,,
26/04/2020,12:00,1037,,,,4,772,1,4,,
27/04/2020,12:00,1037,,,,4,787,1,4,,
28/04/2020,12:00,1037,,,,4,811,1,4,,
29/04/2020,12:00,1037,,,,4,830,1,4,,
30/04/2020,12:00,1037,,,,4,846,1,4,,
01/05/2020,12:00,1039,,,,4,859,1,4,,
02/05/2020,12:00,1039,,,,4,864,1,4,,
03/05/2020,12:00,1039,,,,4,879,1,3,,
04/05/2020,12:00,1040,,,,4,900,1,1,,
05/05/2020,12:00,1040,,,,4,920,1,1,,
06/05/2020,12:00,1040,,,,4,932,1,2,,
07/05/2020,12:00,1044,,,,4,944,1,1,,
08/05/2020,12:00,1044,,,,4,960,1,1,,
09/05/2020,12:00,1044,,,,4,967,1,1,,
10/05/2020,12:00,1047,,,,4,982,1,1,,
11/05/2020,12:00,1047,,,,4,985,1,1,,
12/05/2020,12:00,1047,,,,4,991,1,1,,
13/05/2020,12:00,1050,,,,4,1008,1,1,,
14/05/2020,12:00,1051,,,,4,1009,1,1,,
15/05/2020,12:00,1052,,,,4,1019,1,1,,
16/05/2020,12:00,1052,,,,4,1022,1,1,,
17/05/2020,12:00,1055,,,,4,1024,1,1,,
18/05/2020,12:00,1055,,,,4,1025,1,1,,
19/05/2020,12:00,1055,,,,4,1025,1,1,,
20/05/2020,12:00,1055,,,,4,1026,1,1,,
21/05/2020,12:00,1063,,,,4,1029,1,1,,
22/05/2020,12:00,1065,,,,4,1029,1,1,,
23/05/2020,12:00,1065,,,,4,1029,1,1,,
24/05/2020,12:00,1065,,,,4,1030,1,1,,
25/05/2020,12:00,1065,,,,4,1030,1,0,,
26/05/2020,12:00,1065,,,,4,1033,1,1,,
27/05/2020,12:00,1066,,,,4,1034,1,1,,
28/05/2020,12:00,1066,,,,4,1035,1,1,,
29/05/2020,12:00,1079,,,,4,1035,1,1,,
30/05/2020,12:00,1082,,,,4,1036,1,1,,
31/05/2020,12:00,1084,,,,4,1037,1,2,,
01/06/2020,12:00,1087,,,,4,1037,1,2,,
02/06/2020,12:00,1093,,,,4,1038,1,2,,
03/06/2020,12:00,1093,,,,4,1039,1,2,,
04/06/2020,12:00,1099,,,,4,1042,1,2,,
05/06/2020,12:00,1102,,,,4,1045,1,2,,
06/06/2020,12:00,1105,,,,4,1048,1,2,,
07/06/2020,12:00,1106,,,,4,1049,1,2,,
08/06/2020,12:00,1107,,,,4,1049,1,3,,
09/06/2020,12:00,1107,,,,4,1050,1,3,,
10/06/2020,12:00,1107,,,,4,1051,1,4,,
11/06/2020,12:00,1107,,,,4,1055,1,4,,
12/06/2020,12:00,1108,,,,4,1060,1,3,,
13/06/2020,12:00,1109,,,,4,1061,1,3,,
14/06/2020,12:00,1109,,,,4,1067,1,3,,
15/06/2020,12:00,1112,,,,4,1067,1,3,,
16/06/2020,12:00,1112,,,,4,1069,1,3,,
17/06/2020,12:00,1120,,,,4,1071,1,3,,
18/06/2020,12:00,1124,,,,4,1072,1,3,,
19/06/2020,12:00,1127,,,,4,1074,1,3,,
20/06/2020,12:00,1128,,,,4,1077,1,3,,
21/06/2020,12:00,1131,,,,5,1078,1,2,,
22/06/2020,12:00,1161,,,,5,1078,1,2,,
23/06/2020,12:00,1177,,,,6,1083,1,1,,
24/06/2020,12:00,1179,,,,6,1086,1,1,,
25/06/2020,12:00,1193,,,,7,1088,1,1,,
26/06/2020,12:00,1196,,,,7,1091,1,1,,
27/06/2020,12:00,1197,,,,7,1095,1,1,,
28/06/2020,12:00,1199,,,,7,1104,1,1,,
29/06/2020,12:00,1203,,,,7,1105,1,1,,
30/06/2020,12:00,1205,,,,7,1107,1,1,,
01/07/2020,12:00,1233,,,,7,1117,1,1,,
02/07/2020,12:00,1242,,,,7,1120,1,1,,
03/07/2020,12:00,1247,,,,7,1125,1,1,,
04/07/2020,12:00,1258,,,,7,1145,1,1,,
05/07/2020,12:00,1268,,,,7,1156,1,1,,
06/07/2020,12:00,1285,,,,7,1157,1,1,,
07/07/2020,12:00,1299,,,,7,1161,1,1,,
08/07/2020,12:00,1323,,,,7,1167,1,1,,
09/07/2020,12:00,1365,,,,7,1176,1,2,,
10/07/2020,12:00,1403,,,,7,1187,1,2,,
11/07/2020,12:00,1431,,,,7,1197,1,2,,
12/07/2020,12:00,1469,,,,7,1214,1,4,,
13/07/2020,12:00,1521,,,,7,1217,1,5,,
14/07/2020,12:00,1569,,,,8,1229,1,6,,
15/07/2020,12:00,1588,,,,8,1241,1,7,,
16/07/2020,12:00,1655,,,,10,1254,1,6,,
17/07/2020,12:00,1713,,,,10,1264,1,8,,
18/07/2020,12:00,1777,,,,12,1274,1,13,,
19/07/2020,12:00,1885,,,,12,1294,1,19,,
20/07/2020,,1958,,,,12,1301,1,23,,
21/07/2020,,2018,,,,14,1324,1,29,,
22/07/2020,,2131,,,,14,1344,1,29,,
23/07/2020,,2249,,,,15,1379,1,33,,
24/07/2020,,2372,,,,16,1407,1,34,,
25/07/2020,,2505,,,,18,1455,1,37,,
26/07/2020,,2633,,,,18,1495,1,40,,
27/07/2020,,2778,,,,22,1486,1,38,,
28/07/2020,,2884,,,,22,1527,1,39,,
29/07/2020,,3002,,,,24,1591,1,38,,
30/07/2020,,3151,,,,24,1660,1,39,,
31/07/2020,,3272,,,,27,1751,1,43,,
01/08/2020,,3396,,,,31,1858,1,34,,
02/08/2020,,3511,,,,34,1959,1,34,,
03/08/2020,,3589,,,,37,2037,1,43,,
04/08/2020,,3669,,,,41,2141,1,43,,
05/08/2020,,3754,,,,43,2314,1,44,,
06/08/2020,,3849,,,,44,2458,1,39,,
07/08/2020,,3938,,,,46,2620,1,41,,
08/08/2020,,4007,,,,47,2755,1,45,,
09/08/2020,,4079,,,,51,2847,1,41,,
10/08/2020,,4148,,,,54,2917,1,36,,
11/08/2020,,4181,,,,58,3052,1,32,,
12/08/2020,,4243,,,,63,3189,1,30,,
13/08/2020,,4312,,,,65,3295,1,32,,
14/08/2020,,4360,,,,66,3392,1,30,,
15/08/2020,,4406,,,,68,3488,1,27,,
16/08/2020,,4480,,,,69,3549,1,27,,
17/08/2020,,4524,,,,69,3599,1,29,,
18/08/2020,,4560,,,,70,3677,1,31,,
19/08/2020,,4586,,,,72,3779,1,29,,
20/08/2020,,4604,,,,73,3827,1,31,,
21/08/2020,,4631,,,,75,3900,1,30,,
22/08/2020,,4657,,,,76,3974,1,29,,
23/08/2020,,4682,,,,77,4018,1,26,,
24/08/2020,,4691,,,,77,4052,1,27,,
25/08/2020,,4710,,,,77,4108,1,27,,
26/08/2020,,4734,,,,78,4161,1,27,,
27/08/2020,,4755,,,,79,4200,1,25,,
28/08/2020,,4768,,,,84,4249,1,25,,
29/08/2020,,4786,,,,86,4287,1,23,,
30/08/2020,,4801,,,,88,4320,1,23,,
31/08/2020,,4810,,,,89,4342,1,26,,
01/09/2020,,4822,,,,90,4380,1,25,,
02/09/2020,,4830,,,,93,4401,1,25,,
03/09/2020,,4838,,,,94,4431,1,25,,
04/09/2020,,4850,,,,94,4456,1,26,,
05/09/2020,,4857,,,,94,4493,1,23,,
06/09/2020,,4878,,,,95,4511,1,22,,
07/09/2020,,4889,,,,98,4524,1,20,,
08/09/2020,,4895,,,,99,4543,1,21,,
09/09/2020,,4901,,,,99,4557,1,21,,
10/09/2020,,4913,,,,99,4582,1,21,,
11/09/2020,,4925,,,,99,4597,1,21,,
12/09/2020,,4938,,,,100,4613,1,21,,
13/09/2020,,4957,,,,100,4630,1,21,,
14/09/2020,,4971,,,,101,4635,1,21,,
15/09/2020,,4975,,,,101,4646,1,18,,
16/09/2020,,4984,,,,102,4663,1,16,,
17/09/2020,,4993,,,,102,4682,1,14,,
18/09/2020,,4996,,,,103,4696,1,13,,
19/09/2020,,5009,,,,103,4708,1,13,,
20/09/2020,,5032,,,,103,4712,1,13,,
21/09/2020,,5038,,,,103,4717,1,13,,
22/09/2020,,5046,,,,103,4729,1,13,,
23/09/2020,,5049,,,,103,4749,1,12,,
24/09/2020,,5056,,,,104,4758,1,13,,
25/09/2020,,5058,,,,104,4765,1,12,,
26/09/2020,,5059,,,,105,4777,1,11,,
27/09/2020,,5065,,,,105,4786,1,11,,
28/09/2020,,5075,,,,105,4790,1,11,,
29/09/2020,,5079,,,,105,4807,1,11,,
30/09/2020,,5087,,,,105,4827,1,10,,
01/10/2020,,5097,,,,105,4837,1,10,,
02/10/2020,,5104,,,,105,4843,1,10,,
03/10/2020,,5108,,,,105,4849,1,10,,
04/10/2020,,5113,,,,105,4861,1,10,,
05/10/2020,,5124,,,,105,4864,1,11,,
06/10/2020,,5132,,,,105,4875,1,10,,
07/10/2020,,5143,,,,105,4885,1,10,,
08/10/2020,,5161,,,,105,4890,1,10,,
09/10/2020,,5169,,,,105,4906,1,9,,
10/10/2020,,5175,,,,105,4914,1,8,,
11/10/2020,,5182,,,,105,4919,1,8,,
12/10/2020,,5193,,,,105,4921,1,8,,
13/10/2020,,5201,,,,105,4931,1,10,,
14/10/2020,,5201,,,,105,4932,1,11,,
15/10/2020,,5213,,,,105,4943,1,12,,
16/10/2020,,5220,,,,105,4951,1,12,,
17/10/2020,,5237,,,,105,4963,1,12,,
18/10/2020,,5241,,,,105,4973,1,12,,
19/10/2020,,5256,,,,105,4982,1,12,,
20/10/2020,,5261,,,,105,4996,1,12,,
21/10/2020,,5269,,,,105,5004,1,13,,
22/10/2020,,5280,,,,105,5019,1,13,,
23/10/2020,,5284,,,,105,5029,1,13,,
24/10/2020,,5289,,,,105,5041,1,12,,
25/10/2020,,5295,,,,105,5047,1,12,,
26/10/2020,,5303,,,,105,5050,1,12,,
27/10/2020,,5308,,,,105,5053,1,11,,
28/10/2020,,5310,,,,105,5063,1,10,,
29/10/2020,,5313,,,,105,5073,1,9,,
30/10/2020,,5320,,,,105,5082,1,9,,
31/10/2020,,5323,,,,105,5089,1,9,,
01/11/2020,,5330,,,,105,5096,1,9,,
02/11/2020,,5336,,,,105,5102,1,9,,
03/11/2020,,5345,,,,105,5109,1,9,,
04/11/2020,,5348,,,,106,5118,1,8,,
05/11/2020,,5355,,,,106,5126,1,8,,
06/11/2020,,5361,,,,107,5131,1,8,,
07/11/2020,,5364,,,,107,5139,1,7,,
08/11/2020,,5374,,,,107,5144,1,7,,
09/11/2020,,5380,,,,107,5146,1,7,,
10/11/2020,,5389,,,,108,5153,1,6,,
11/11/2020,,5407,,,,108,5159,1,6,,
12/11/2020,,5430,,,,108,5170,1,6,,
13/11/2020,,5436,,,,108,5177,1,6,,
14/11/2020,,5444,,,,108,5187,1,6,,
15/11/2020,,5458,,,,108,5194,1,7,,
16/11/2020,,5466,,,,108,5198,1,7,,
17/11/2020,,5470,,,,108,5212,1,7,,
18/11/2020,,5479,,,,108,5224,1,8,,
19/11/2020,,5491,,,,108,5233,1,8,,
20/11/2020,,5517,,,,108,5239,1,8,,
21/11/2020,,5560,,,,108,5248,1,8,,
22/11/2020,,5628,,,,108,5259,1,8,,
23/11/2020,,5701,,,,108,5267,1,8,,
24/11/2020,,5781,,,,108,5274,1,7,,
25/11/2020,,5866,,,,108,5295,1,7,,
26/11/2020,,5947,,,,108,5300,1,7,,
27/11/2020,,6039,,,,108,5313,1,6,,
28/11/2020,,6123,,,,109,5328,1,7,,
29/11/2020,,6238,,,,109,5340,1,11,,
30/11/2020,,6314,,,,109,5344,1,11,,
01/12/2020,,6396,,,,109,5361,1,14,,
02/12/2020,,6499,,,,110,5394,1,17,,
03/12/2020,,6589,,,,110,5423,1,21,,
04/12/2020,,6701,,,,112,5465,1,23,,
05/12/2020,,6802,,,,112,5511,1,29,,
06/12/2020,,6897,,,,112,5567,1,31,,
07/12/2020,,6975,,,,112,5626,1,36,,
08/12/2020,,7075,,,,112,5696,1,38,,
09/12/2020,,7179,,,,114,5783,1,39,,
10/12/2020,,7291,,,,114,5900,1,43,,
11/12/2020,,7377,,,,114,5996,1,44,,
12/12/2020,,7446,,,,115,6114,1,49,,
13/12/2020,,7541,,,,117,6202,1,46,,
14/12/2020,,7623,,,,120,6266,1,46,,
15/12/2020,,7721,,,,122,6345,1,50,,
16/12/2020,,7803,,,,123,6439,1,59,,
17/12/2020,,7899,,,,125,6534,1,58,,
18/12/2020,,7969,,,,129,6628,1,61,,
19/12/2020,,8078,,,,129,6737,1,61,,
20/12/2020,,8152,,,,129,6837,1,64,,
21/12/2020,,8237,,,,131,6910,1,63,,
22/12/2020,,8300,,,,132,6995,1,67,,
23/12/2020,,8353,,,,133,7112,1,65,,
24/12/2020,,8424,,,,135,7203,1,61,,
25/12/2020,,8481,,,,136,7317,1,54,,
26/12/2020,,8540,,,,136,7394,1,55,,
27/12/2020,,8610,,,,136,7474,1,55,,
28/12/2020,,8671,,,,139,7526,1,51,,
29/12/2020,,8724,,,,143,7616,1,47,,
30/12/2020,,8778,,,,146,7722,1,50,,
31/12/2020,,8846,,,,148,7813,1,51,,
01/01/2021,,8888,,,,149,7912,1,51,,
02/01/2021,,8923,,,,150,7968,1,49,,
03/01/2021,,8964,,,,150,8011,1,49,,
04/01/2021,,9017,,,,151,8055,1,50,,
05/01/2021,,9049,,,,153,8127,1,48,,
06/01/2021,,9074,,,,154,8201,1,43,,
07/01/2021,,9107,,,,154,8258,1,41,,
08/01/2021,,9152,,,,155,8307,1,42,,
09/01/2021,,9211,,,,157,8374,1,39,,
10/01/2021,,9242,,,,158,8423,1,39,,
11/01/2021,,9283,,,,158,8468,1,39,,
12/01/2021,,9343,,,,159,8524,1,40,,
13/01/2021,,9385,,,,161,8584,1,41,,
14/01/2021,,9414,,,,161,8631,1,42,,
15/01/2021,,9452,,,,161,8684,1,41,,
16/01/2021,,9502,,,,162,8724,1,42,,
17/01/2021,,9557,,,,162,8758,1,42,,
18/01/2021,,9664,,,,163,8786,1,41,,
19/01/2021,,9720,,,,164,8828,1,39,,
20/01/2021,,9797,,,,166,8865,1,39,,
21/01/2021,,9867,,,,167,8904,1,37,,
22/01/2021,,9928,,,,167,8949,1,34,,
23/01/2021,,10009,,,,168,8998,1,38,,
24/01/2021,,10085,,,,169,9034,1,35,,
25/01/2021,,10158,,,,171,9056,1,35,,
26/01/2021,,10222,,,,173,9101,1,34,,
27/01/2021,,10282,,,,174,9162,1,32,,
28/01/2021,,10321,,,,177,9239,1,32,,
29/01/2021,,10371,,,,178,9302,1,30,,
30/01/2021,,10399,,,,178,9362,1,28,,
31/01/2021,,10452,,,,181,9423,1,28,,
01/02/2021,,10486,,,,182,9474,1,28,,
02/02/2021,,10511,,,,183,9549,1,30,,
03/02/2021,,10530,,,,185,9633,1,28,,
04/02/2021,,10552,,,,186,9684,1,26,,
05/02/2021,,10589,,,,186,9750,1,24,,
06/02/2021,,10608,,,,186,9828,1,24,,
07/02/2021,,10635,,,,186,9887,1,23,,
08/02/2021,,10667,,,,186,9918,1,24,,
09/02/2021,,10693,,,,187,9976,1,24,,
10/02/2021,,10710,,,,188,10022,1,22,,
11/02/2021,,10731,,,,191,10077,1,21,,
12/02/2021,,10755,,,,192,10136,1,22,,
13/02/2021,,10767,,,,193,10160,1,21,,
14/02/2021,,10779,,,,193,10185,1,21,,
15/02/2021,,10788,,,,193,10207,1,21,,
16/02/2021,,10796,,,,194,10232,1,22,,
17/02/2021,,10812,,,,195,10270,1,19,,
18/02/2021,,10820,,,,197,10298,1,18,,
19/02/2021,,10833,,,,197,10329,1,18,,
20/02/2021,,10848,,,,197,10362,1,18,,
21/02/2021,,10868,,,,197,10389,1,18,,
22/02/2021,,10884,,,,197,10404,1,18,,
23/02/2021,,10896,,,,197,10427,1,17,,
24/02/2021,,10913,,,,197,10461,1,17,,
25/02/2021,,10926,,,,198,10474,1,18,,
26/02/2021,,10951,,,,198,10493,1,18,,
27/02/2021,,10983,,,,198,10519,1,17,,
28/02/2021,,11005,,,,199,10536,1,17,,
01/03/2021,,11019,,,,200,10547,1,16,,
02/03/2021,,11032,,,,200,10563,1,14,,
03/03/2021,,11046,,,,200,10578,1,13,,
04/03/2021,,11055,,,,201,10593,1,13,,
05/03/2021,,11066,,,,201,10604,1,13,,
06/03/2021,,11074,,,,202,10622,1,12,,
07/03/2021,,11090,,,,202,10629,1,13,,
08/03/2021,,11099,,,,202,10636,1,13,,
09/03/2021,,11120,,,,202,10662,1,14,,
10/03/2021,,11128,,,,202,10675,1,14,,
11/03/2021,,11150,,,,203,10695,1,13,,
12/03/2021,,11210,,,,203,10711,1,13,,
13/03/2021,,11257,,,,203,10739,1,13,,
14/03/2021,,11281,,,,203,10755,1,13,,
15/03/2021,,11311,,,,203,10769,1,13,,
16/03/2021,,11329,,,,203,10786,1,10,,
17/03/2021,,11340,,,,203,10809,1,10,,
18/03/2021,,11350,,,,203,10824,1,10,,
19/03/2021,,11363,,,,203,10837,1,10,,
20/03/2021,,11371,,,,203,10863,1,10,,
21/03/2021,,11379,,,,203,10875,1,10,,
22/03/2021,,11397,,,,203,10901,1,10,,
23/03/2021,,11409,,,,203,10936,1,10,,
24/03/2021,,11419,,,,204,10963,1,10,,
25/03/2021,,11428,,,,204,10994,1,10,,
26/03/2021,,11439,,,,205,11023,1,10,,
27/03/2021,,11445,,,,205,11040,1,10,,
28/03/2021,,11446,,,,205,11056,1,10,,
29/03/2021,,11454,,,,205,11075,1,10,,
30/03/2021,,11461,,,,205,11085,1,9,,
31/03/2021,,11467,,,,205,11095,1,9,,
01/04/2021,,11480,,,,205,11108,1,9,,
02/04/2021,,11499,,,,205,11122,1,9,,
03/04/2021,,11501,,,,205,11133,1,9,,
04/04/2021,,11508,,,,205,11139,1,9,,
05/04/2021,,11524,,,,205,11145,1,6,,
06/04/2021,,11531,,,,205,11155,1,6,,
07/04/2021,,11539,,,,205,11163,1,9,,
08/04/2021,,11549,,,,205,11174,1,8,,
09/04/2021,,11563,,,,206,11186,1,7,,
10/04/2021,,11568,,,,207,11193,1,7,,
11/04/2021,,11581,,,,207,11206,1,7,,
12/04/2021,,11594,,,,207,11214,1,7,,
13/04/2021,,11607,,,,207,11227,1,7,,
14/04/2021,,11612,,,,209,11237,1,6,,
15/04/2021,,11618,,,,209,11246,1,6,,
16/04/2021,,11635,,,,209,11253,1,6,,
17/04/2021,,11653,,,,209,11258,1,4,,
18/04/2021,,11683,,,,209,11270,1,4,,
19/04/2021,,11695,,,,209,11274,1,4,,
20/04/2021,,11703,,,,209,11287,1,3,,
21/04/2021,,11704,,,,209,11302,1,3,,
22/04/2021,,11718,,,,209,11316,1,3,,
23/04/2021,,11727,,,,209,11325,1,3,,
24/04/2021,,11730,,,,209,11340,1,3,,
25/04/2021,,11736,,,,209,11354,1,3,,
26/04/2021,,11740,,,,209,11363,1,3,,
27/04/2021,,11748,,,,209,11379,1,3,,
28/04/2021,,11755,,,,209,11392,1,3,,
29/04/2021,,11770,,,,209,11404,1,3,,
30/04/2021,,11774,,,,209,11416,1,3,,
01/05/2021,,11782,,,,210,11432,1,3,,
02/05/2021,,11784,,,,210,11445,1,3,,
03/05/2021,,11786,,,,210,11447,1,3,,
04/05/2021,,11790,,,,210,11451,1,3,,
05/05/2021,,11796,,,,210,11462,1,3,,
06/05/2021,,11798,,,,210,11468,1,3,,
07/05/2021,,11801,,,,210,11473,1,3,,
08/05/2021,,11806,,,,210,11486,1,3,,
09/05/2021,,11807,,,,210,11493,1,3,,
10/05/2021,,11811,,,,210,11496,1,2,,
11/05/2021,,11812,,,,210,11503,1,2,,
12/05/2021,,11814,,,,210,11505,1,2,,
13/05/2021,,11817,,,,210,11511,1,2,,
14/05/2021,,11818,,,,210,11516,1,2,,
15/05/2021,,11821,,,,210,11522,1,2,,
16/05/2021,,11824,,,,210,11525,1,2,,
17/05/2021,,11825,,,,210,11531,1,2,,
18/05/2021,,11826,,,,210,11535,1,2,,
19/05/2021,,11827,,,,210,11539,1,2,,
20/05/2021,,11828,,,,210,11542,1,2,,
21/05/2021,,11829,,,,210,11547,1,2,,
22/05/2021,,11830,,,,210,11550,1,2,,
23/05/2021,,11832,,,,210,11553,1,2,,
24/05/2021,,11833,,,,210,11556,1,1,,
25/05/2021,,11835,,,,210,11560,1,1,,
26/05/2021,,11836,,,,210,11561,1,1,,
27/05/2021,,11836,,,,210,11565,1,1,,
28/05/2021,,11836,,,,210,11570,1,1,,
29/05/2021,,11837,,,,210,11571,1,1,,
30/05/2021,,11837,,,,210,11572,1,1,,
31/05/2021,,11841,,,,210,11572,1,1,,
01/06/2021,,11848,,,,210,11574,1,1,,
02/06/2021,,11848,,,,210,11576,1,1,,
03/06/2021,,11849,,,,210,11577,1,1,,
04/06/2021,,11850,,,,210,11579,1,1,,
05/06/2021,,11851,,,,210,11584,1,1,,
06/06/2021,,11858,,,,210,11584,1,1,,
07/06/2021,,11865,,,,210,11584,1,1,,
08/06/2021,,11868,,,,210,11584,1,1,,
09/06/2021,,11872,,,,210,11587,1,1,,
10/06/2021,,11874,,,,210,11590,1,1,,
11/06/2021,,11874,,,,210,11593,1,1,,
12/06/2021,,11877,,,,210,11595,1,1,,
13/06/2021,,11877,,,,210,11598,1,1,,
14/06/2021,,11878,,,,210,11600,1,1,,
15/06/2021,,11880,,,,210,11600,1,1,,
16/06/2021,,11881,,,,210,11601,1,1,,
17/06/2021,,11881,,,,210,11603,1,1,,
18/06/2021,,11884,,,,210,11608,1,1,,
19/06/2021,,11885,,,,210,11612,1,1,,
20/06/2021,,11886,,,,210,11614,1,1,,
21/06/2021,,11889,,,,210,11616,1,1,,
22/06/2021,,11896,,,,210,11618,1,1,,
23/06/2021,,11898,,,,210,11619,1,1,,
24/06/2021,,11905,,,,210,11621,1,1,,
25/06/2021,,11909,,,,211,11621,1,1,,
26/06/2021,,11911,,,,211,11624,1,1,,
27/06/2021,,11917,,,,211,11625,1,1,,
28/06/2021,,11920,,,,211,11626,1,1,,
29/06/2021,,11921,,,,211,11628,1,1,,
30/06/2021,,11923,,,,211,11630,1,1,,
01/07/2021,,11927,,,,211,11631,1,1,,
02/07/2021,,11938,,,,211,11633,1,1,,
03/07/2021,,11939,,,,211,11634,1,1,,
04/07/2021,,11942,,,,211,11637,1,1,,
05/07/2021,,11943,,,,212,11638,1,0,,
06/07/2021,,11944,,,,212,11642,1,0,,
07/07/2021,,11945,,,,212,11643,1,0,,
08/07/2021,,11948,,,,212,11648,1,0,,
09/07/2021,,11949,,,,212,11648,1,0,,
10/07/2021,,11950,,,,212,11652,1,0,,
11/07/2021,,11951,,,,212,11655,1,0,,
12/07/2021,,11951,,,,212,11662,1,0,,
13/07/2021,,11952,,,,212,11665,1,0,,
14/07/2021,,11955,,,,212,11669,1,0,,
15/07/2021,,11955,,,,212,11675,1,0,,
16/07/2021,,11956,,,,212,11677,1,0,,
17/07/2021,,11956,,,,212,11682,1,0,,
18/07/2021,,11958,,,,212,11682,1,0,,
19/07/2021,,11958,,,,212,11686,1,0,,
20/07/2021,,11965,,,,212,11688,1,0,,
21/07/2021,,11970,,,,212,11688,1,0,,
22/07/2021,,11971,,,,212,11690,1,0,,
23/07/2021,,11973,,,,212,11693,1,0,,
24/07/2021,,11975,,,,212,11696,1,1,,
25/07/2021,,11978,,,,212,11698,1,1,,
26/07/2021,,11978,,,,212,11701,1,1,,
27/07/2021,,11979,,,,212,11705,1,1,,
28/07/2021,,11980,,,,212,11707,1,0,,
29/07/2021,,11982,,,,212,11709,1,0,,
30/07/2021,,11984,,,,212,11712,1,0,,
31/07/2021,,11984,,,,212,11713,1,0,,
01/08/2021,,11987,,,,212,11715,1,0,,
02/08/2021,,11990,,,,212,11715,1,0,,
03/08/2021,,11994,,,,212,11719,1,0,,
04/08/2021,,11996,,,,212,11721,1,0,,
05/08/2021,,12002,,,,212,11721,1,0,,
06/08/2021,,12004,,,,212,11724,1,0,,
07/08/2021,,12011,,,,212,11725,1,0,,
08/08/2021,,12013,,,,212,11725,1,0,,
09/08/2021,,12015,,,,212,11725,1,0,,
10/08/2021,,12019,,,,212,11728,1,0,,
11/08/2021,,12020,,,,212,11731,1,0,,
12/08/2021,,12025,,,,212,11733,1,0,,
13/08/2021,,12030,,,,212,11736,1,0,,
14/08/2021,,12032,,,,212,11740,1,0,,
15/08/2021,,12033,,,,212,11748,1,0,,
16/08/2021,,12036,,,,212,11750,1,0,,
17/08/2021,,12039,,,,212,11753,1,0,,
18/08/2021,,12042,,,,212,11755,1,0,,
19/08/2021,,12047,,,,212,11759,1,0,,
20/08/2021,,12049,,,,212,11761,1,0,,
21/08/2021,,12052,,,,212,11762,1,0,,
22/08/2021,,12057,,,,212,11766,1,0,,
23/08/2021,,12062,,,,212,11766,1,0,,
24/08/2021,,12069,,,,212,11768,1,0,,
25/08/2021,,12074,,,,212,11772,1,0,,
26/08/2021,,12077,,,,212,11777,1,0,,
27/08/2021,,12094,,,,212,11779,1,0,,
28/08/2021,,12100,,,,212,11782,1,0,,
29/08/2021,,12107,,,,212,11783,1,0,,
30/08/2021,,12110,,,,212,11786,1,0,,
31/08/2021,,12112,,,,212,11791,1,0,,
01/09/2021,,12113,,,,212,11798,1,0,,
02/09/2021,,12113,,,,212,11799,1,0,,
03/09/2021,,12112,,,,212,11798,1,0,,
04/09/2021,,12113,,,,212,11802,1,0,,
05/09/2021,,12121,,,,212,11814,1,0,,
06/09/2021,,12123,,,,212,11821,1,0,,
07/09/2021,,12129,,,,212,11825,1,0,,
08/09/2021,,12131,,,,212,11831,1,0,,
09/09/2021,,12133,,,,212,11834,1,0,,
10/09/2021,,12138,,,,212,11838,1,0,,
11/09/2021,,12142,,,,212,11841,1,0,,
12/09/2021,,12145,,,,212,11846,1,0,,
13/09/2021,,12146,,,,213,11850,1,0,,
14/09/2021,,12148,,,,213,11854,1,0,,
15/09/2021,,12149,,,,213,11858,1,0,,
16/09/2021,,12149,,,,213,11862,1,0,,
17/09/2021,,12152,,,,213,11867,1,0,,
18/09/2021,,12157,,,,213,11869,1,0,,
19/09/2021,,12160,,,,213,11872,1,0,,
20/09/2021,,12165,,,,213,11874,1,0,,
21/09/2021,,12166,,,,213,11878,1,0,,
22/09/2021,,12167,,,,213,11878,1,0,,
23/09/2021,,12169,,,,213,11887,1,0,,
24/09/2021,,12176,,,,213,11888,1,0,,
25/09/2021,,12185,,,,213,11891,1,0,,
26/09/2021,,12193,,,,213,11892,1,0,,
27/09/2021,,12196,,,,213,11897,1,0,,
28/09/2021,,12209,,,,213,11901,1,0,,
29/09/2021,,12214,,,,213,11905,1,0,,
30/09/2021,,12217,,,,213,11905,1,0,,
01/10/2021,,12221,,,,213,11906,1,0,,
02/10/2021,,12226,,,,213,11909,1,0,,
03/10/2021,,12226,,,,213,11920,1,0,,
04/10/2021,,12230,,,,213,11926,1,0,,
05/10/2021,,12237,,,,213,11931,1,0,,
06/10/2021,,12243,,,,213,11935,1,0,,
07/10/2021,,12251,,,,213,11942,1,0,,
08/10/2021,,12253,,,,213,11945,1,0,,
09/10/2021,,12230,,,,213,11926,1,0,,
10/10/2021,,12261,,,,213,11947,1,0,,
11/10/2021,,12268,,,,213,11953,1,0,,
12/10/2021,,12272,,,,213,11956,1,0,,
13/10/2021,,12275,,,,213,11962,1,0,,
14/10/2021,,12276,,,,213,11971,1,0,,
15/10/2021,,12285,,,,213,11980,1,0,,
16/10/2021,,12291,,,,213,11988,1,0,,
17/10/2021,,12294,,,,213,11992,1,0,,
18/10/2021,,12299,,,,213,11994,1,0,,
19/10/2021,,12301,,,,213,11998,1,0,,
20/10/2021,,12305,,,,213,12003,1,0,,
21/10/2021,,12311,,,,213,12006,1,0,,
22/10/2021,,12313,,,,213,12012,1,0,,
23/10/2021,,12319,,,,213,12016,1,0,,
24/10/2021,,12323,,,,213,12019,1,0,,
25/10/2021,,12327,,,,213,12023,1,0,,
26/10/2021,,12330,,,,213,12029,1,0,,
27/10/2021,,12335,,,,213,12033,1,0,,
28/10/2021,,12337,,,,213,12033,1,0,,
29/10/2021,,12342,,,,213,12033,1,0,,
30/10/2021,,12345,,,,213,12034,1,0,,
31/10/2021,,12346,,,,213,12034,1,0,,
01/11/2021,,12347,,,,213,12034,1,0,,
02/11/2021,,12349,,,,213,12034,1,0,,
03/11/2021,,12352,,,,213,12034,1,0,,
04/11/2021,,12359,,,,213,12035,1,0,,
05/11/2021,,12360,,,,213,12035,1,0,,
06/11/2021,,12367,,,,213,12036,1,0,,
07/11/2021,,12368,,,,213,12036,1,0,,
08/11/2021,,12368,,,,213,12036,1,0,,
09/11/2021,,12369,,,,213,12036,1,0,,
10/11/2021,,12374,,,,213,12036,1,0,,
11/11/2021,,12377,,,,213,12037,1,0,,
12/11/2021,,12378,,,,213,12072,1,0,,
13/11/2021,,12380,,,,213,12087,1,0,,
14/11/2021,,12381,,,,213,12090,1,0,,
15/11/2021,,12387,,,,213,12092,1,0,,
16/11/2021,,12388,,,,213,12099,1,0,,
17/11/2021,,12391,,,,213,12099,1,0,,
18/11/2021,,12395,,,,213,12104,1,0,,
19/11/2021,,12396,,,,213,12106,1,0,,
20/11/2021,,12399,,,,213,12108,1,0,,
21/11/2021,,12401,,,,213,12115,1,0,,
22/11/2021,,12404,,,,213,12119,1,0,,
23/11/2021,,12410,,,,213,12121,1,0,,
24/11/2021,,12411,,,,213,12123,1,0,,
25/11/2021,,12417,,,,213,12125,1,0,,
26/11/2021,,12421,,,,213,12128,1,0,,
27/11/2021,,12424,,,,213,12130,1,0,,
28/11/2021,,12427,,,,213,12133,1,0,,
29/11/2021,,12430,,,,213,12134,1,0,,
30/11/2021,,12436,,,,213,12136,1,0,,
01/12/2021,,12439,,,,213,12140,1,0,,
02/12/2021,,12445,,,,213,12143,1,0,,
03/12/2021,,12448,,,,213,12145,1,0,,
04/12/2021,,12452,,,,213,12148,1,0,,
05/12/2021,,12461,,,,213,12149,1,1,,
06/12/2021,,12466,,,,213,12151,1,1,,
07/12/2021,,12471,,,,213,12153,1,0,,
08/12/2021,,12471,,,,213,12155,1,0,,
09/12/2021,,12478,,,,213,12156,1,0,,
10/12/2021,,12482,,,,213,12159,1,0,,
11/12/2021,,12483,,,,213,12165,1,0,,
12/12/2021,,12488,,,,213,12168,1,0,,
13/12/2021,,12490,,,,213,12173,1,0,,
14/12/2021,,12495,,,,213,12180,1,0,,
15/12/2021,,12496,,,,213,12180,1,0,,
16/12/2021,,12506,,,,213,12180,1,0,,
17/12/2021,,12513,,,,213,12180,1,0,,
18/12/2021,,12518,,,,213,12182,1,0,,
19/12/2021,,12526,,,,213,12184,1,0,,
20/12/2021,,12533,,,,213,12184,1,0,,
21/12/2021,,12541,,,,213,12184,1,0,,
22/12/2021,,12548,,,,213,12184,1,0,,
23/12/2021,,12550,,,,213,12186,1,0,,
24/12/2021,,12555,,,,213,12189,1,0,,
25/12/2021,,12580,,,,213,12189,1,0,,
26/12/2021,,12589,,,,213,12189,1,0,,
27/12/2021,,12598,,,,213,12189,1,0,,
28/12/2021,,12604,,,,213,12189,1,0,,
29/12/2021,,12618,,,,213,12191,1,0,,
30/12/2021,,12630,,,,213,12196,1,0,,
31/12/2021,,12649,,,,213,12206,1,0,,
01/01/2022,,,,,,213,12209,,0,12667,
02/01/2022,,,,,,213,12214,,0,12693,
03/01/2022,,,,,,213,12219,,0,12722,
04/01/2022,,,,,,213,12228,,0,12761,
05/01/2022,,,,,,213,12230,,0,12799,
06/01/2022,,,,,,213,12235,,0,12832,
07/01/2022,,,,,,213,12235,,0,12865,
08/01/2022,,,,,,213,12243,,0,12902,
09/01/2022,,,,,,213,12284,,0,12935,
10/01/2022,,,,,,213,12296,,0,12959,
11/01/2022,,,,,,213,12304,,0,12980,
12/01/2022,,,,,,213,12316,,0,13002,
13/01/2022,,,,,,213,12327,,0,13016,
14/01/2022,,,,,,213,12339,,0,13025,
15/01/2022,,,,,,213,12366,,0,13030,
16/01/2022,,,,,,213,12393,,0,13041,
17/01/2022,,,,,,213,12416,,0,13048,
18/01/2022,,,,,,213,12446,,0,13066,
19/01/2022,,,,,,213,12474,,0,13082,
20/01/2022,,,,,,213,12493,,0,13096,
21/01/2022,,,,,,213,12514,,0,13120,
22/01/2022,,,,,,213,12541,,0,13146,
23/01/2022,,,,,,213,12572,,0,13286,
24/01/2022,,,,,,213,12602,,0,13395,
25/01/2022,,,,,,213,12623,,0,13519,
26/01/2022,,,,,,213,12655,,0,13626,
27/01/2022,,,,,,213,12687,,0,13790,
28/01/2022,,,,,,213,12710,,0,13905,
29/01/2022,,,,,,213,12730,,0,14024,
30/01/2022,,,,,,213,12752,,0,14105,
31/01/2022,,,,,,213,12780,,0,14197,
01/02/2022,,,,,,213,12806,,0,14326,
02/02/2022,,,,,,213,12826,,1,14442,
03/02/2022,,,,,,213,12880,,1,14584,
04/02/2022,,,,,,213,12916,,1,14715,
05/02/2022,,,,,,213,12987,,1,15066,
06/02/2022,,,,,,213,13125,,1,15408,
07/02/2022,,,,,,213,13232,,1,16022,
08/02/2022,,,,,,213,13315,,2,16647,
09/02/2022,,,,,,215,13436,,2,17808,
10/02/2022,,,,,,216,13795,,1,18794,
11/02/2022,,,,,,216,14037,,2,20119,
12/02/2022,,,,,,219,14183,,3,21633,
13/02/2022,,,,,,219,14463,,4,22980,
14/02/2022,,,,,,221,14963,,8,25051,
15/02/2022,,,,,,224,14996,,8,26670,
16/02/2022,,,,,,227,15234,,16,30955,
17/02/2022,,,,,,238,15448,,0,37071,
18/02/2022,,,,,,259,15699,,16,40700,
19/02/2022,,,,,,276,15963,,16,46763,
20/02/2022,,,,,,288,16190,,16,52830,
21/02/2022,,,,,,300,16449,,16,60363,
22/02/2022,,,,,,336,16740,,16,66574,
23/02/2022,,,,,,385,17015,,16,75248,
24/02/2022,,,,,,425,17272,,16,84046,
25/02/2022,,,,,,497,17562,,16,94056,
26/02/2022,,,,,,577,17855,,16,138955,29635
27/02/2022,,,,,,659,18236,,16,171314,48252
28/02/2022,,,,,,744,18926,,16,205780,69964
01/03/2022,,,,,,990,19495,,16,238377,93025
02/03/2022,,,,,,1168,20085,,16,293730,114013
03/03/2022,,,,,,1366,22649,,16,350557,134177
04/03/2022,,,,,,1554,23143,,60,403080,154336
05/03/2022,,,,,,1774,23888,,61,440609,184390
06/03/2022,,,,,,2007,24513,,61,471617,193183
07/03/2022,,,,,,2287,24276,,68,496767,204428
08/03/2022,,,,,,2578,25054,,69,525242,214704
09/03/2022,,,,,,2869,25861,,68,551233,219174
10/03/2022,,,,,,3150,26740,,71,575623,226186
11/03/2022,,,,,,3444,27617,,76,594511,236679
12/03/2022,,,,,,3729,28577,,85,610300,248537
13/03/2022,,,,,,3993,29318,,101,623635,267632
14/03/2022,,,,,,4279,29693,,104,635675,282500
15/03/2022,,,,,,4568,30598,,111,647631,298309
16/03/2022,,,,,,4847,31656,,119,662085,313127
17/03/2022,,,,,,5136,32768,,119,670713,326149
18/03/2022,,,,,,5401,33842,,115,678679,338265
19/03/2022,,,,,,5650,35026,,119,686207,347334
20/03/2022,,,,,,5896,35868,,115,692083,355607
21/03/2022,,,,,,6119,36260,,117,696606,365152
22/03/2022,,,,,,6364,37496,,114,700902,375008
23/03/2022,,,,,,6569,38954,,103,705152,382998
24/03/2022,,,,,,6770,40339,,108,710884,390340
25/03/2022,,,,,,6962,41732,,105,715462,396167
26/03/2022,,,,,,7101,43179,,105,719346,401124
27/03/2022,,,,,,7252,44007,,110,722901,405606
28/03/2022,,,,,,7420,44418,,108,726128,410064
29/03/2022,,,,,,7571,45671,,97,729292,414496
30/03/2022,,,,,,7706,47140,,89,732286,418483
31/03/2022,,,,,,7825,48556,,84,735145,422270
